status,class_id,confidence_diff_abs,bbox_iou,python_bbox,cpp_bbox
MATCHED,2,4.577255249271772e-07,0.9999978658020161,"[2076.566162109375, 574.5000610351562, 2140.3896484375, 631.9149169921875]","[2076.566162, 574.500061, 2140.389648, 631.915039]"
MATCHED,2,4.3007659911165064e-07,0.9999999850863265,"[1337.1988525390625, 741.0717163085938, 1394.8160400390625, 799.3299560546875]","[1337.198853, 741.071716, 1394.81604, 799.329956]"
MATCHED,2,1.7456054712816638e-08,0.999999983500854,"[2643.692138671875, 482.1568298339844, 2701.564208984375, 535.2423706054688]","[2643.692139, 482.15683, 2701.564209, 535.242371]"
