index,class_id,class_name,confidence,x1,y1,x2,y2
0,2,missing_hole,0.911415,2076.566162,574.500061,2140.389648,631.915039
1,2,missing_hole,0.893382,1337.198853,741.071716,1394.816040,799.329956
2,2,missing_hole,0.850996,2643.692139,482.156830,2701.564209,535.242371
