{
  "image_name": "01_missing_hole_03.jpg",
  "image_path": "datasets\\pcb\\images\\test\\01_missing_hole_03.jpg",
  "status": "PASS",
  "status_reason": "Detection counts, classes, confidence, and boxes are within PASS thresholds.",
  "python_detection_count": 3,
  "cpp_detection_count": 3,
  "matched_count": 3,
  "python_only_count": 0,
  "cpp_only_count": 0,
  "classes_match": true,
  "confidence_diff_mean": 3.0175272625054816e-07,
  "confidence_diff_max": 4.577255249271772e-07,
  "bbox_iou_mean": 0.9999992781297321,
  "bbox_iou_min": 0.9999978658020161,
  "python_timing": {
    "preprocess_ms": {
      "count": 20,
      "mean_ms": 22.03816000074148,
      "median_ms": 20.851150006055832,
      "p95_ms": 30.59342000037432,
      "min_ms": 16.03559997677803,
      "max_ms": 34.34059998393059,
      "fps": 45.37583899773641
    },
    "inference_ms": {
      "count": 20,
      "mean_ms": 144.1325849980116,
      "median_ms": 138.3572999984026,
      "p95_ms": 185.09621001929048,
      "min_ms": 105.64060002565384,
      "max_ms": 237.57819998264313,
      "fps": 6.938056373677026
    },
    "postprocess_ms": {
      "count": 20,
      "mean_ms": 1.610945002734661,
      "median_ms": 1.0377000123262405,
      "p95_ms": 4.460854987800125,
      "min_ms": 0.8308999836444855,
      "max_ms": 9.069400042295456,
      "fps": 620.753655961221
    },
    "total_ms": {
      "count": 20,
      "mean_ms": 167.7867499962449,
      "median_ms": 161.92654998600483,
      "p95_ms": 215.42967496514325,
      "min_ms": 127.14059999585152,
      "max_ms": 263.1875999569893,
      "fps": 5.9599461818193635
    }
  },
  "cpp_timing": {
    "preprocess_ms": {
      "count": 20,
      "mean_ms": 15.531934999999999,
      "median_ms": 14.0649,
      "p95_ms": 21.71244,
      "min_ms": 11.9239,
      "max_ms": 25.3935,
      "fps": 64.38347829810002
    },
    "inference_ms": {
      "count": 20,
      "mean_ms": 141.96516,
      "median_ms": 127.3783,
      "p95_ms": 207.844795,
      "min_ms": 96.2619,
      "max_ms": 210.5864,
      "fps": 7.043981776937384
    },
    "postprocess_ms": {
      "count": 20,
      "mean_ms": 0.1041,
      "median_ms": 0.09670000000000001,
      "p95_ms": 0.14004500000000003,
      "min_ms": 0.0791,
      "max_ms": 0.1637,
      "fps": 9606.147934678194
    },
    "total_ms": {
      "count": 20,
      "mean_ms": 157.63117,
      "median_ms": 140.91055,
      "p95_ms": 227.94999,
      "min_ms": 109.3609,
      "max_ms": 233.247,
      "fps": 6.343922969042227
    }
  },
  "speedup": 1.064426217202124,
  "cpp_provider": "CPUExecutionProvider",
  "error_message": "",
  "matches": [
    {
      "status": "MATCHED",
      "python_index": 0,
      "cpp_index": 0,
      "class_id": 2,
      "class_name": "missing_hole",
      "class_match": true,
      "confidence_diff_abs": 4.577255249271772e-07,
      "bbox_iou": 0.9999978658020161,
      "python": {
        "class_id": 2,
        "class_name": "missing_hole",
        "confidence": 0.9114154577255249,
        "bbox": [
          2076.566162109375,
          574.5000610351562,
          2140.3896484375,
          631.9149169921875
        ]
      },
      "cpp": {
        "class_id": 2,
        "class_name": "missing_hole",
        "confidence": 0.911415,
        "bbox": [
          2076.566162,
          574.500061,
          2140.389648,
          631.915039
        ]
      }
    },
    {
      "status": "MATCHED",
      "python_index": 1,
      "cpp_index": 1,
      "class_id": 2,
      "class_name": "missing_hole",
      "class_match": true,
      "confidence_diff_abs": 4.3007659911165064e-07,
      "bbox_iou": 0.9999999850863265,
      "python": {
        "class_id": 2,
        "class_name": "missing_hole",
        "confidence": 0.8933824300765991,
        "bbox": [
          1337.1988525390625,
          741.0717163085938,
          1394.8160400390625,
          799.3299560546875
        ]
      },
      "cpp": {
        "class_id": 2,
        "class_name": "missing_hole",
        "confidence": 0.893382,
        "bbox": [
          1337.198853,
          741.071716,
          1394.81604,
          799.329956
        ]
      }
    },
    {
      "status": "MATCHED",
      "python_index": 2,
      "cpp_index": 2,
      "class_id": 2,
      "class_name": "missing_hole",
      "class_match": true,
      "confidence_diff_abs": 1.7456054712816638e-08,
      "bbox_iou": 0.999999983500854,
      "python": {
        "class_id": 2,
        "class_name": "missing_hole",
        "confidence": 0.8509960174560547,
        "bbox": [
          2643.692138671875,
          482.1568298339844,
          2701.564208984375,
          535.2423706054688
        ]
      },
      "cpp": {
        "class_id": 2,
        "class_name": "missing_hole",
        "confidence": 0.850996,
        "bbox": [
          2643.692139,
          482.15683,
          2701.564209,
          535.242371
        ]
      }
    }
  ],
  "python_result": {
    "model": "models\\best.onnx",
    "image": "datasets\\pcb\\images\\test\\01_missing_hole_03.jpg",
    "provider": "CPUExecutionProvider",
    "input_name": "images",
    "output_name": "output0",
    "input_shape": [
      1,
      3,
      960,
      960
    ],
    "output_shape": [
      1,
      7,
      18900
    ],
    "config": {
      "imgsz": 960,
      "conf": 0.15,
      "iou": 0.7
    },
    "timing_ms": {
      "preprocess": 34.34059998393059,
      "inference": 128.05019998550415,
      "postprocess": 1.0837000012397766,
      "total": 163.4811999797821
    },
    "detections": [
      {
        "class_id": 2,
        "class_name": "missing_hole",
        "confidence": 0.9114154577255249,
        "bbox": [
          2076.566162109375,
          574.5000610351562,
          2140.3896484375,
          631.9149169921875
        ]
      },
      {
        "class_id": 2,
        "class_name": "missing_hole",
        "confidence": 0.8933824300765991,
        "bbox": [
          1337.1988525390625,
          741.0717163085938,
          1394.8160400390625,
          799.3299560546875
        ]
      },
      {
        "class_id": 2,
        "class_name": "missing_hole",
        "confidence": 0.8509960174560547,
        "bbox": [
          2643.692138671875,
          482.1568298339844,
          2701.564208984375,
          535.2423706054688
        ]
      }
    ]
  },
  "cpp_result": {
    "model": "models\\best.onnx",
    "image": "datasets\\pcb\\images\\test\\01_missing_hole_03.jpg",
    "provider": "CPUExecutionProvider",
    "input_name": "images",
    "output_name": "output0",
    "input_shape": [
      1,
      3,
      960,
      960
    ],
    "output_shape": [
      1,
      7,
      18900
    ],
    "config": {
      "imgsz": 960,
      "conf": 0.15,
      "iou": 0.7
    },
    "timing_ms": {
      "preprocess": 12.9906,
      "inference": 96.2619,
      "postprocess": 0.0791,
      "total": 109.3609
    },
    "detections": [
      {
        "class_id": 2,
        "class_name": "missing_hole",
        "confidence": 0.911415,
        "bbox": [
          2076.566162,
          574.500061,
          2140.389648,
          631.915039
        ]
      },
      {
        "class_id": 2,
        "class_name": "missing_hole",
        "confidence": 0.893382,
        "bbox": [
          1337.198853,
          741.071716,
          1394.81604,
          799.329956
        ]
      },
      {
        "class_id": 2,
        "class_name": "missing_hole",
        "confidence": 0.850996,
        "bbox": [
          2643.692139,
          482.15683,
          2701.564209,
          535.242371
        ]
      }
    ]
  },
  "timing_rows": [
    {
      "image_name": "01_missing_hole_03.jpg",
      "backend": "python",
      "repeat_index": 0,
      "preprocess_ms": 21.127400010824203,
      "inference_ms": 133.51140001416206,
      "postprocess_ms": 1.2833999693393707,
      "total_ms": 155.92890000343323,