{
  "image_name": "01_short_02.jpg",
  "image_path": "datasets\\pcb\\images\\test\\01_short_02.jpg",
  "status": "PASS",
  "status_reason": "Detection counts, classes, confidence, and boxes are within PASS thresholds.",
  "python_detection_count": 3,
  "cpp_detection_count": 3,
  "matched_count": 3,
  "python_only_count": 0,
  "cpp_only_count": 0,
  "classes_match": true,
  "confidence_diff_mean": 1.488545735561786e-07,
  "confidence_diff_max": 3.3972167967633027e-07,
  "bbox_iou_mean": 0.9999984446256792,
  "bbox_iou_min": 0.9999980471243837,
  "python_timing": {
    "preprocess_ms": {
      "count": 20,
      "mean_ms": 20.20216999351978,
      "median_ms": 20.057899981737137,
      "p95_ms": 25.94899999052286,
      "min_ms": 16.589700013399124,
      "max_ms": 27.199200004339218,
      "fps": 49.49963297609952
    },
    "inference_ms": {
      "count": 20,
      "mean_ms": 175.48934999853373,
      "median_ms": 172.262600004673,
      "p95_ms": 207.30258000642067,
      "min_ms": 136.64039996266365,
      "max_ms": 273.2549999952316,
      "fps": 5.698351495451749
    },
    "postprocess_ms": {
      "count": 20,
      "mean_ms": 1.0271650031208992,
      "median_ms": 0.985600009560585,
      "p95_ms": 1.2831599965691567,
      "min_ms": 0.8580999672412872,
      "max_ms": 1.2995000183582306,
      "fps": 973.553418352103
    },
    "total_ms": {
      "count": 20,
      "mean_ms": 196.72306500077246,
      "median_ms": 192.2162500023842,
      "p95_ms": 226.45391999632125,
      "min_ms": 155.92129999399185,
      "max_ms": 291.66229996085167,
      "fps": 5.083288022154766
    }
  },
  "cpp_timing": {
    "preprocess_ms": {
      "count": 20,
      "mean_ms": 14.092795,
      "median_ms": 13.58155,
      "p95_ms": 17.662465,
      "min_ms": 12.2097,
      "max_ms": 18.1843,
      "fps": 70.95824497553537
    },
    "inference_ms": {
      "count": 20,
      "mean_ms": 128.108105,
      "median_ms": 117.57135,
      "p95_ms": 188.2217,
      "min_ms": 87.3585,
      "max_ms": 188.7271,
      "fps": 7.805907362379609
    },
    "postprocess_ms": {
      "count": 20,
      "mean_ms": 0.11062000000000001,
      "median_ms": 0.09715,
      "p95_ms": 0.18505000000000008,
      "min_ms": 0.077,
      "max_ms": 0.2924,
      "fps": 9039.95660820828
    },
    "total_ms": {
      "count": 20,
      "mean_ms": 142.33879,
      "median_ms": 131.43635,
      "p95_ms": 204.64514,
      "min_ms": 99.6909,
      "max_ms": 205.9493,
      "fps": 7.025491786181406
    }
  },
  "speedup": 1.3820762773153579,
  "cpp_provider": "CPUExecutionProvider",
  "error_message": "",
  "matches": [
    {
      "status": "MATCHED",
      "python_index": 0,
      "cpp_index": 0,
      "class_id": 1,
      "class_name": "short",
      "class_match": true,
      "confidence_diff_abs": 8.215332025773847e-08,
      "bbox_iou": 0.9999981642078843,
      "python": {
        "class_id": 1,
        "class_name": "short",
        "confidence": 0.8482189178466797,
        "bbox": [
          1495.1771240234375,
          1314.2835693359375,
          1556.0029296875,
          1381.07275390625
        ]
      },
      "cpp": {
        "class_id": 1,
        "class_name": "short",
        "confidence": 0.848219,
        "bbox": [
          1495.177124,
          1314.283569,
          1556.00293,
          1381.072632
        ]
      }
    },
    {
      "status": "MATCHED",
      "python_index": 1,
      "cpp_index": 1,
      "class_id": 1,
      "class_name": "short",
      "class_match": true,
      "confidence_diff_abs": 3.3972167967633027e-07,
      "bbox_iou": 0.9999991225447697,
      "python": {
        "class_id": 1,
        "class_name": "short",
        "confidence": 0.8177013397216797,
        "bbox": [
          2550.383056640625,
          544.0237426757812,
          2619.98974609375,
          614.5155029296875
        ]
      },
      "cpp": {
        "class_id": 1,
        "class_name": "short",
        "confidence": 0.817701,
        "bbox": [
          2550.383057,
          544.023743,
          2619.989746,
          614.515564
        ]
      }
    },
    {
      "status": "MATCHED",
      "python_index": 2,
      "cpp_index": 2,
      "class_id": 1,
      "class_name": "short",
      "class_match": true,
      "confidence_diff_abs": 2.468872073446704e-08,
      "bbox_iou": 0.9999980471243837,
      "python": {
        "class_id": 1,
        "class_name": "short",
        "confidence": 0.6793370246887207,
        "bbox": [
          1004.3715209960938,
          1370.7222900390625,
          1063.013671875,
          1433.20458984375
        ]
      },
      "cpp": {
        "class_id": 1,
        "class_name": "short",
        "confidence": 0.679337,
        "bbox": [
          1004.371521,
          1370.72229,
          1063.013672,
          1433.204468
        ]
      }
    }
  ],
  "python_result": {
    "model": "models\\best.onnx",
    "image": "datasets\\pcb\\images\\test\\01_short_02.jpg",
    "provider": "CPUExecutionProvider",
    "input_name": "images",
    "output_name": "output0",
    "input_shape": [
      1,
      3,
      960,
      960
    ],
    "output_shape": [
      1,
      7,
      18900
    ],
    "config": {
      "imgsz": 960,
      "conf": 0.15,
      "iou": 0.7
    },
    "timing_ms": {
      "preprocess": 20.498600006103516,
      "inference": 142.56900000572205,
      "postprocess": 0.9763000011444092,
      "total": 164.0479999780655
    },
    "detections": [
      {
        "class_id": 1,
        "class_name": "short",
        "confidence": 0.8482189178466797,
        "bbox": [
          1495.1771240234375,
          1314.2835693359375,
          1556.0029296875,
          1381.07275390625
        ]
      },
      {
        "class_id": 1,
        "class_name": "short",
        "confidence": 0.8177013397216797,
        "bbox": [
          2550.383056640625,
          544.0237426757812,
          2619.98974609375,
          614.5155029296875
        ]
      },
      {
        "class_id": 1,
        "class_name": "short",
        "confidence": 0.6793370246887207,
        "bbox": [
          1004.3715209960938,
          1370.7222900390625,
          1063.013671875,
          1433.20458984375
        ]
      }
    ]
  },
  "cpp_result": {
    "model": "models\\best.onnx",
    "image": "datasets\\pcb\\images\\test\\01_short_02.jpg",
    "provider": "CPUExecutionProvider",
    "input_name": "images",
    "output_name": "output0",
    "input_shape": [
      1,
      3,
      960,
      960
    ],
    "output_shape": [
      1,
      7,
      18900
    ],
    "config": {
      "imgsz": 960,
      "conf": 0.15,
      "iou": 0.7
    },
    "timing_ms": {
      "preprocess": 12.367,
      "inference": 105.892,
      "postprocess": 0.1156,
      "total": 118.3928
    },
    "detections": [
      {
        "class_id": 1,
        "class_name": "short",
        "confidence": 0.848219,
        "bbox": [
          1495.177124,
          1314.283569,
          1556.00293,
          1381.072632
        ]
      },
      {
        "class_id": 1,
        "class_name": "short",
        "confidence": 0.817701,
        "bbox": [
          2550.383057,
          544.023743,
          2619.989746,
          614.515564
        ]
      },
      {
        "class_id": 1,
        "class_name": "short",
        "confidence": 0.679337,
        "bbox": [
          1004.371521,
          1370.72229,
          1063.013672,
          1433.204468
        ]
      }
    ]
  },
  "timing_rows": [
    {
      "image_name": "01_short_02.jpg",
      "backend": "python",
      "repeat_index": 0,
      "preprocess_ms": 25.883199989795685,
      "inference_ms": 164.82779997587204,
      "postprocess_ms": 1.2822999954223633,
      "total_ms": 191.9975000023842,
      "provider": "CPUExecutionProvider"
    },
    {
      "image_name": "01_short_02.jpg",
      "backend": "python",
      "repeat_index": 1,
      "preprocess_ms": 17.315500020980835,