{
  "image_name": "04_missing_hole_04.jpg",
  "image_path": "datasets\\pcb\\images\\test\\04_missing_hole_04.jpg",
  "status": "PASS",
  "status_reason": "Detection counts, classes, confidence, and boxes are within PASS thresholds.",
  "python_detection_count": 3,
  "cpp_detection_count": 3,
  "matched_count": 3,
  "python_only_count": 0,
  "cpp_only_count": 0,
  "classes_match": true,
  "confidence_diff_mean": 2.3318099976836018e-07,
  "confidence_diff_max": 4.2757034302010055e-07,
  "bbox_iou_mean": 0.999999666473162,
  "bbox_iou_min": 0.9999990318808012,
  "python_timing": {
    "preprocess_ms": {
      "count": 20,
      "mean_ms": 17.101980005204677,
      "median_ms": 16.66509999334812,
      "p95_ms": 21.02419500052929,
      "min_ms": 12.547399997711182,
      "max_ms": 22.169800013303757,
      "fps": 58.47276161565317
    },
    "inference_ms": {
      "count": 20,
      "mean_ms": 124.89930500388145,
      "median_ms": 122.74019999802113,
      "p95_ms": 162.3469650104642,
      "min_ms": 92.62520000338554,
      "max_ms": 166.85310000181198,
      "fps": 8.006449675351863
    },
    "postprocess_ms": {
      "count": 20,
      "mean_ms": 1.0417849943041801,
      "median_ms": 0.9573500007390976,
      "p95_ms": 1.5432599976658823,
      "min_ms": 0.8529000282287598,
      "max_ms": 1.6317999958992004,
      "fps": 959.8909616354296
    },
    "total_ms": {
      "count": 20,
      "mean_ms": 143.0472900032997,
      "median_ms": 140.85174998641014,
      "p95_ms": 182.06325500756503,
      "min_ms": 107.70730000734329,
      "max_ms": 189.99680000543594,
      "fps": 6.990695174839962
    }
  },
  "cpp_timing": {
    "preprocess_ms": {
      "count": 20,
      "mean_ms": 15.028110000000002,
      "median_ms": 14.22925,
      "p95_ms": 17.967745,
      "min_ms": 12.8268,
      "max_ms": 19.3233,
      "fps": 66.5419670204703
    },
    "inference_ms": {
      "count": 20,
      "mean_ms": 125.97218000000001,
      "median_ms": 126.20245,
      "p95_ms": 158.04441500000001,
      "min_ms": 82.2952,
      "max_ms": 189.978,
      "fps": 7.9382606540586975
    },
    "postprocess_ms": {
      "count": 20,
      "mean_ms": 0.10267,
      "median_ms": 0.09745000000000001,
      "p95_ms": 0.15096000000000004,
      "min_ms": 0.0736,
      "max_ms": 0.1939,
      "fps": 9739.943508327651
    },
    "total_ms": {
      "count": 20,
      "mean_ms": 141.129965,
      "median_ms": 141.28185000000002,
      "p95_ms": 175.95382000000004,
      "min_ms": 95.2681,
      "max_ms": 206.3371,
      "fps": 7.085667455525834
    }
  },
  "speedup": 1.0135855273775467,
  "cpp_provider": "CPUExecutionProvider",
  "error_message": "",
  "matches": [
    {
      "status": "MATCHED",
      "python_index": 0,
      "cpp_index": 0,
      "class_id": 2,
      "class_name": "missing_hole",
      "class_match": true,
      "confidence_diff_abs": 1.1062622073954032e-07,
      "bbox_iou": 0.9999990318808012,
      "python": {
        "class_id": 2,
        "class_name": "missing_hole",
        "confidence": 0.8965001106262207,
        "bbox": [
          2556.61767578125,
          952.89208984375,
          2625.246826171875,
          1016.1192626953125
        ]
      },
      "cpp": {
        "class_id": 2,
        "class_name": "missing_hole",
        "confidence": 0.8965,
        "bbox": [
          2556.617676,
          952.89209,
          2625.246826,
          1016.119202
        ]
      }
    },
    {
      "status": "MATCHED",
      "python_index": 1,
      "cpp_index": 1,
      "class_id": 2,
      "class_name": "missing_hole",
      "class_match": true,
      "confidence_diff_abs": 4.2757034302010055e-07,
      "bbox_iou": 0.9999999862746148,
      "python": {
        "class_id": 2,
        "class_name": "missing_hole",
        "confidence": 0.854714572429657,
        "bbox": [
          2558.0078125,
          1371.11572265625,
          2647.174072265625,
          1453.210205078125
        ]
      },
      "cpp": {
        "class_id": 2,
        "class_name": "missing_hole",
        "confidence": 0.854715,
        "bbox": [
          2558.007812,
          1371.115723,
          2647.174072,
          1453.210205
        ]
      }
    },
    {
      "status": "MATCHED",
      "python_index": 2,
      "cpp_index": 2,
      "class_id": 2,
      "class_name": "missing_hole",
      "class_match": true,
      "confidence_diff_abs": 1.613464355454397e-07,
      "bbox_iou": 0.99999998126407,
      "python": {
        "class_id": 2,
        "class_name": "missing_hole",
        "confidence": 0.6601338386535645,
        "bbox": [
          2113.1201171875,
          1470.73486328125,
          2171.32666015625,
          1529.7994384765625
        ]
      },
      "cpp": {
        "class_id": 2,
        "class_name": "missing_hole",
        "confidence": 0.660134,
        "bbox": [
          2113.120117,
          1470.734863,
          2171.32666,
          1529.799438
        ]
      }
    }
  ],
  "python_result": {
    "model": "models\\best.onnx",
    "image": "datasets\\pcb\\images\\test\\04_missing_hole_04.jpg",
    "provider": "CPUExecutionProvider",
    "input_name": "images",
    "output_name": "output0",
    "input_shape": [
      1,
      3,
      960,
      960
    ],
    "output_shape": [
      1,
      7,
      18900
    ],
    "config": {
      "imgsz": 960,
      "conf": 0.15,
      "iou": 0.7
    },
    "timing_ms": {
      "preprocess": 19.411199986934662,
      "inference": 139.64729997515678,
      "postprocess": 0.8529000282287598,
      "total": 159.91580000519753
    },
    "detections": [
      {
        "class_id": 2,
        "class_name": "missing_hole",
        "confidence": 0.8965001106262207,
        "bbox": [
          2556.61767578125,
          952.89208984375,
          2625.246826171875,
          1016.1192626953125
        ]
      },
      {
        "class_id": 2,
        "class_name": "missing_hole",
        "confidence": 0.854714572429657,
        "bbox": [
          2558.0078125,
          1371.11572265625,
          2647.174072265625,
          1453.210205078125
        ]
      },
      {
        "class_id": 2,
        "class_name": "missing_hole",
        "confidence": 0.6601338386535645,
        "bbox": [
          2113.1201171875,
          1470.73486328125,
          2171.32666015625,
          1529.7994384765625
        ]
      }
    ]
  },
  "cpp_result": {
    "model": "models\\best.onnx",
    "image": "datasets\\pcb\\images\\test\\04_missing_hole_04.jpg",
    "provider": "CPUExecutionProvider",
    "input_name": "images",
    "output_name": "output0",
    "input_shape": [
      1,
      3,
      960,
      960
    ],
    "output_shape": [
      1,
      7,
      18900
    ],
    "config": {
      "imgsz": 960,
      "conf": 0.15,
      "iou": 0.7
    },
    "timing_ms": {
      "preprocess": 12.87,
      "inference": 82.2952,
      "postprocess": 0.082,
      "total": 95.2681
    },
    "detections": [
      {
        "class_id": 2,
        "class_name": "missing_hole",
        "confidence": 0.8965,
        "bbox": [
          2556.617676,
          952.89209,
          2625.246826,
          1016.119202
        ]
      },
      {
        "class_id": 2,
        "class_name": "missing_hole",
        "confidence": 0.854715,
        "bbox": [
          2558.007812,
          1371.115723,
          2647.174072,
          1453.210205
        ]
      },
      {
        "class_id": 2,
        "class_name": "missing_hole",
        "confidence": 0.660134,
        "bbox": [
          2113.120117,
          1470.734863,
          2171.32666,
          1529.799438
        ]
      }
    ]
  },
  "timing_rows": [
    {
      "image_name": "04_missing_hole_04.jpg",
      "backend": "python",
      "repeat_index": 0,
      "preprocess_ms": 16.39850002527237,
      "inference_ms": 106.41290000081062,
      "postprocess_ms": 1.0033999681472778,
      "total_ms": 123.81949999928474,