{
  "image_name": "04_open_circuit_02.jpg",
  "image_path": "datasets\\pcb\\images\\test\\04_open_circuit_02.jpg",
  "status": "PASS",
  "status_reason": "Detection counts, classes, confidence, and boxes are within PASS thresholds.",
  "python_detection_count": 3,
  "cpp_detection_count": 3,
  "matched_count": 3,
  "python_only_count": 0,
  "cpp_only_count": 0,
  "classes_match": true,
  "confidence_diff_mean": 1.9559160869634754e-07,
  "confidence_diff_max": 3.9382171634905205e-07,
  "bbox_iou_mean": 0.9999968314454781,
  "bbox_iou_min": 0.9999940510125539,
  "python_timing": {
    "preprocess_ms": {
      "count": 20,
      "mean_ms": 16.249405001103877,
      "median_ms": 15.881750002503395,
      "p95_ms": 21.918440011143684,
      "min_ms": 12.403299987316132,
      "max_ms": 22.295399993658066,
      "fps": 61.54071487122554
    },
    "inference_ms": {
      "count": 20,
      "mean_ms": 125.40062499940396,
      "median_ms": 130.2213999927044,
      "p95_ms": 145.09316999316218,
      "min_ms": 91.93560001254082,
      "max_ms": 184.21930000185966,
      "fps": 7.974441913704601
    },
    "postprocess_ms": {
      "count": 20,
      "mean_ms": 0.8664550051093102,
      "median_ms": 0.8167000114917755,
      "p95_ms": 1.087729984521866,
      "min_ms": 0.7118000090122223,
      "max_ms": 1.3162999749183655,
      "fps": 1154.128020616422
    },
    "total_ms": {
      "count": 20,
      "mean_ms": 142.52085500210524,
      "median_ms": 146.71244998276234,
      "p95_ms": 163.38934500664476,
      "min_ms": 105.6841000020504,
      "max_ms": 201.20400002598763,
      "fps": 7.016516986129704
    }
  },
  "cpp_timing": {
    "preprocess_ms": {
      "count": 20,
      "mean_ms": 14.683000000000002,
      "median_ms": 14.75245,
      "p95_ms": 17.574659999999998,
      "min_ms": 12.5219,
      "max_ms": 18.5182,
      "fps": 68.10597289382278
    },
    "inference_ms": {
      "count": 20,
      "mean_ms": 126.93933999999999,
      "median_ms": 121.4786,
      "p95_ms": 166.59435000000002,
      "min_ms": 91.2873,
      "max_ms": 179.8497,
      "fps": 7.877778472772902
    },
    "postprocess_ms": {
      "count": 20,
      "mean_ms": 0.09466,
      "median_ms": 0.09359999999999999,
      "p95_ms": 0.10886,
      "min_ms": 0.0739,
      "max_ms": 0.11,
      "fps": 10564.124234100993
    },
    "total_ms": {
      "count": 20,
      "mean_ms": 141.74232,
      "median_ms": 135.69325,
      "p95_ms": 184.214075,
      "min_ms": 104.2883,
      "max_ms": 197.0804,
      "fps": 7.055055963525925
    }
  },
  "speedup": 1.0054926080094162,
  "cpp_provider": "CPUExecutionProvider",
  "error_message": "",
  "matches": [
    {
      "status": "MATCHED",
      "python_index": 0,
      "cpp_index": 0,
      "class_id": 0,
      "class_name": "open_circuit",
      "class_match": true,
      "confidence_diff_abs": 3.9382171634905205e-07,
      "bbox_iou": 0.9999989804556694,
      "python": {
        "class_id": 0,
        "class_name": "open_circuit",
        "confidence": 0.8151766061782837,
        "bbox": [
          474.7071228027344,
          2238.90966796875,
          534.98974609375,
          2304.804931640625
        ]
      },
      "cpp": {
        "class_id": 0,
        "class_name": "open_circuit",
        "confidence": 0.815177,
        "bbox": [
          474.707123,
          2238.909668,
          534.989807,
          2304.804932
        ]
      }
    },
    {
      "status": "MATCHED",
      "python_index": 1,
      "cpp_index": 1,
      "class_id": 0,
      "class_name": "open_circuit",
      "class_match": true,
      "confidence_diff_abs": 2.8316497813207775e-08,
      "bbox_iou": 0.9999940510125539,
      "python": {
        "class_id": 0,
        "class_name": "open_circuit",
        "confidence": 0.2770419716835022,
        "bbox": [
          436.47943115234375,
          1722.261474609375,
          485.269287109375,
          1774.219970703125
        ]
      },
      "cpp": {
        "class_id": 0,
        "class_name": "open_circuit",
        "confidence": 0.277042,
        "bbox": [
          436.479431,
          1722.261475,
          485.269348,
          1774.219727
        ]
      }
    },
    {
      "status": "MATCHED",
      "python_index": 2,
      "cpp_index": 2,
      "class_id": 0,
      "class_name": "open_circuit",
      "class_match": true,
      "confidence_diff_abs": 1.646366119267828e-07,
      "bbox_iou": 0.9999974628682112,
      "python": {
        "class_id": 0,
        "class_name": "open_circuit",
        "confidence": 0.20141616463661194,
        "bbox": [
          127.20536804199219,
          1236.532470703125,
          191.57225036621094,
          1284.8035888671875
        ]
      },
      "cpp": {
        "class_id": 0,
        "class_name": "open_circuit",
        "confidence": 0.201416,
        "bbox": [
          127.205368,
          1236.532471,
          191.57225,
          1284.803467
        ]
      }
    }
  ],
  "python_result": {
    "model": "models\\best.onnx",
    "image": "datasets\\pcb\\images\\test\\04_open_circuit_02.jpg",
    "provider": "CPUExecutionProvider",
    "input_name": "images",
    "output_name": "output0",
    "input_shape": [
      1,
      3,
      960,
      960
    ],
    "output_shape": [
      1,
      7,
      18900
    ],
    "config": {
      "imgsz": 960,
      "conf": 0.15,
      "iou": 0.7
    },
    "timing_ms": {
      "preprocess": 22.295399993658066,
      "inference": 135.4495000243187,
      "postprocess": 0.9305000305175781,
      "total": 158.67939999699593
    },
    "detections": [
      {
        "class_id": 0,
        "class_name": "open_circuit",
        "confidence": 0.8151766061782837,
        "bbox": [
          474.7071228027344,
          2238.90966796875,
          534.98974609375,
          2304.804931640625
        ]
      },
      {
        "class_id": 0,
        "class_name": "open_circuit",
        "confidence": 0.2770419716835022,
        "bbox": [
          436.47943115234375,
          1722.261474609375,
          485.269287109375,
          1774.219970703125
        ]
      },
      {
        "class_id": 0,
        "class_name": "open_circuit",
        "confidence": 0.20141616463661194,
        "bbox": [
          127.20536804199219,
          1236.532470703125,
          191.57225036621094,
          1284.8035888671875
        ]
      }
    ]
  },
  "cpp_result": {
    "model": "models\\best.onnx",
    "image": "datasets\\pcb\\images\\test\\04_open_circuit_02.jpg",
    "provider": "CPUExecutionProvider",
    "input_name": "images",
    "output_name": "output0",
    "input_shape": [
      1,
      3,
      960,
      960
    ],
    "output_shape": [
      1,
      7,
      18900
    ],
    "config": {
      "imgsz": 960,
      "conf": 0.15,
      "iou": 0.7
    },
    "timing_ms": {
      "preprocess": 15.0232,
      "inference": 131.3319,
      "postprocess": 0.1031,
      "total": 146.4797
    },
    "detections": [
      {
        "class_id": 0,
        "class_name": "open_circuit",
        "confidence": 0.815177,
        "bbox": [
          474.707123,
          2238.909668,
          534.989807,
          2304.804932
        ]
      },
      {
        "class_id": 0,
        "class_name": "open_circuit",
        "confidence": 0.277042,
        "bbox": [
          436.479431,
          1722.261475,
          485.269348,
          1774.219727
        ]
      },
      {
        "class_id": 0,
        "class_name": "open_circuit",
        "confidence": 0.201416,
        "bbox": [
          127.205368,
          1236.532471,
          191.57225,
          1284.803467
        ]
      }
    ]
  },
  "timing_rows": [
    {
      "image_name": "04_open_circuit_02.jpg",
      "backend": "python",
      "repeat_index": 0,
      "preprocess_ms": 16.030699998140335,
      "inference_ms": 184.21930000185966,
      "postprocess_ms": 0.9505000114440918,
      "total_ms": 201.20400002598763,