{
  "image_name": "04_open_circuit_03.jpg",
  "image_path": "datasets\\pcb\\images\\test\\04_open_circuit_03.jpg",
  "status": "PASS",
  "status_reason": "Detection counts, classes, confidence, and boxes are within PASS thresholds.",
  "python_detection_count": 3,
  "cpp_detection_count": 3,
  "matched_count": 3,
  "python_only_count": 0,
  "cpp_only_count": 0,
  "classes_match": true,
  "confidence_diff_mean": 2.510032653946226e-07,
  "confidence_diff_max": 3.594551086782971e-07,
  "bbox_iou_mean": 0.9999979314189931,
  "bbox_iou_min": 0.999995009072514,
  "python_timing": {
    "preprocess_ms": {
      "count": 20,
      "mean_ms": 17.08197499513626,
      "median_ms": 16.572149991989136,
      "p95_ms": 21.96560501158238,
      "min_ms": 13.195800006389618,
      "max_ms": 26.985500007867813,
      "fps": 58.541240125028246
    },
    "inference_ms": {
      "count": 20,
      "mean_ms": 129.28523000031709,
      "median_ms": 132.69949999451637,
      "p95_ms": 161.98077500313522,
      "min_ms": 91.13840001821518,
      "max_ms": 167.53209999203682,
      "fps": 7.7348356033983725
    },
    "postprocess_ms": {
      "count": 20,
      "mean_ms": 0.9908999979496003,
      "median_ms": 0.8372500091791153,
      "p95_ms": 1.7962899684906013,
      "min_ms": 0.5746000111103058,
      "max_ms": 2.8639000058174133,
      "fps": 1009.183572579705
    },
    "total_ms": {
      "count": 20,
      "mean_ms": 147.36195500344039,
      "median_ms": 150.6095499843359,
      "p95_ms": 181.7665300220251,
      "min_ms": 104.91230002045631,
      "max_ms": 185.26499998569489,
      "fps": 6.786012033951732
    }
  },
  "cpp_timing": {
    "preprocess_ms": {
      "count": 20,
      "mean_ms": 14.68123,
      "median_ms": 13.906749999999999,
      "p95_ms": 18.704815000000004,
      "min_ms": 12.2479,
      "max_ms": 22.0814,
      "fps": 68.11418389331139
    },
    "inference_ms": {
      "count": 20,
      "mean_ms": 129.849945,
      "median_ms": 124.47325,
      "p95_ms": 174.13845500000002,
      "min_ms": 97.8158,
      "max_ms": 216.3936,
      "fps": 7.70119694698369
    },
    "postprocess_ms": {
      "count": 20,
      "mean_ms": 0.09395,
      "median_ms": 0.0946,
      "p95_ms": 0.11043,
      "min_ms": 0.0724,
      "max_ms": 0.1186,
      "fps": 10643.959552953698
    },
    "total_ms": {
      "count": 20,
      "mean_ms": 144.652265,
      "median_ms": 138.37385,
      "p95_ms": 192.16179000000002,
      "min_ms": 110.2689,
      "max_ms": 235.0275,
      "fps": 6.913130603243578
    }
  },
  "speedup": 1.018732440888087,
  "cpp_provider": "CPUExecutionProvider",
  "error_message": "",
  "matches": [
    {
      "status": "MATCHED",
      "python_index": 0,
      "cpp_index": 0,
      "class_id": 0,
      "class_name": "open_circuit",
      "class_match": true,
      "confidence_diff_abs": 1.3407897947459446e-07,
      "bbox_iou": 0.999995009072514,
      "python": {
        "class_id": 0,
        "class_name": "open_circuit",
        "confidence": 0.7358081340789795,
        "bbox": [
          1205.4195556640625,
          1207.42333984375,
          1253.9588623046875,
          1257.2056884765625
        ]
      },
      "cpp": {
        "class_id": 0,
        "class_name": "open_circuit",
        "confidence": 0.735808,
        "bbox": [
          1205.419556,
          1207.42334,
          1253.95874,
          1257.205811
        ]
      }
    },
    {
      "status": "MATCHED",
      "python_index": 1,
      "cpp_index": 1,
      "class_id": 0,
      "class_name": "open_circuit",
      "class_match": true,
      "confidence_diff_abs": 3.594551086782971e-07,
      "bbox_iou": 0.9999988031213177,
      "python": {
        "class_id": 0,
        "class_name": "open_circuit",
        "confidence": 0.7347156405448914,
        "bbox": [
          939.7411499023438,
          850.6895141601562,
          1007.4693603515625,
          902.060791015625
        ]
      },
      "cpp": {
        "class_id": 0,
        "class_name": "open_circuit",
        "confidence": 0.734716,
        "bbox": [
          939.74115,
          850.689514,
          1007.46936,
          902.060852
        ]
      }
    },
    {
      "status": "MATCHED",
      "python_index": 2,
      "cpp_index": 2,
      "class_id": 0,
      "class_name": "open_circuit",
      "class_match": true,
      "confidence_diff_abs": 2.594757080309762e-07,
      "bbox_iou": 0.9999999820631474,
      "python": {
        "class_id": 0,
        "class_name": "open_circuit",
        "confidence": 0.561079740524292,
        "bbox": [
          1885.2586669921875,
          451.8011474609375,
          1949.3123779296875,
          499.23553466796875
        ]
      },
      "cpp": {
        "class_id": 0,
        "class_name": "open_circuit",
        "confidence": 0.56108,
        "bbox": [
          1885.258667,
          451.801147,
          1949.312378,
          499.235535
        ]
      }
    }
  ],
  "python_result": {
    "model": "models\\best.onnx",
    "image": "datasets\\pcb\\images\\test\\04_open_circuit_03.jpg",
    "provider": "CPUExecutionProvider",
    "input_name": "images",
    "output_name": "output0",
    "input_shape": [
      1,
      3,
      960,
      960
    ],
    "output_shape": [
      1,
      7,
      18900
    ],
    "config": {
      "imgsz": 960,
      "conf": 0.15,
      "iou": 0.7
    },
    "timing_ms": {
      "preprocess": 19.91609999537468,
      "inference": 140.99810001254082,
      "postprocess": 0.8432999849319458,
      "total": 161.76280000805855
    },
    "detections": [
      {
        "class_id": 0,
        "class_name": "open_circuit",
        "confidence": 0.7358081340789795,
        "bbox": [
          1205.4195556640625,
          1207.42333984375,
          1253.9588623046875,
          1257.2056884765625
        ]
      },
      {
        "class_id": 0,
        "class_name": "open_circuit",
        "confidence": 0.7347156405448914,
        "bbox": [
          939.7411499023438,
          850.6895141601562,
          1007.4693603515625,
          902.060791015625
        ]
      },
      {
        "class_id": 0,
        "class_name": "open_circuit",
        "confidence": 0.561079740524292,
        "bbox": [
          1885.2586669921875,
          451.8011474609375,
          1949.3123779296875,
          499.23553466796875
        ]
      }
    ]
  },
  "cpp_result": {
    "model": "models\\best.onnx",
    "image": "datasets\\pcb\\images\\test\\04_open_circuit_03.jpg",
    "provider": "CPUExecutionProvider",
    "input_name": "images",
    "output_name": "output0",
    "input_shape": [
      1,
      3,
      960,
      960
    ],
    "output_shape": [
      1,
      7,
      18900
    ],
    "config": {
      "imgsz": 960,
      "conf": 0.15,
      "iou": 0.7
    },
    "timing_ms": {
      "preprocess": 14.0107,
      "inference": 99.4356,
      "postprocess": 0.0932,
      "total": 113.5727
    },
    "detections": [
      {
        "class_id": 0,
        "class_name": "open_circuit",
        "confidence": 0.735808,
        "bbox": [
          1205.419556,
          1207.42334,
          1253.95874,
          1257.205811
        ]
      },
      {
        "class_id": 0,
        "class_name": "open_circuit",
        "confidence": 0.734716,
        "bbox": [
          939.74115,
          850.689514,
          1007.46936,
          902.060852
        ]
      },
      {
        "class_id": 0,
        "class_name": "open_circuit",
        "confidence": 0.56108,
        "bbox": [
          1885.258667,
          451.801147,
          1949.312378,
          499.235535
        ]
      }
    ]
  },
  "timing_rows": [
    {
      "image_name": "04_open_circuit_03.jpg",
      "backend": "python",
      "repeat_index": 0,
      "preprocess_ms": 16.566699981689453,
      "inference_ms": 116.01719999313354,
      "postprocess_ms": 0.7782000005245209,
      "total_ms": 133.36550000309944,