{
  "image_name": "04_short_03.jpg",
  "image_path": "datasets\\pcb\\images\\test\\04_short_03.jpg",
  "status": "PASS",
  "status_reason": "Detection counts, classes, confidence, and boxes are within PASS thresholds.",
  "python_detection_count": 3,
  "cpp_detection_count": 3,
  "matched_count": 3,
  "python_only_count": 0,
  "cpp_only_count": 0,
  "classes_match": true,
  "confidence_diff_mean": 1.3359959921688258e-07,
  "confidence_diff_max": 2.407875061005704e-07,
  "bbox_iou_mean": 0.9999989283523988,
  "bbox_iou_min": 0.99999793224145,
  "python_timing": {
    "preprocess_ms": {
      "count": 20,
      "mean_ms": 17.644994999468327,
      "median_ms": 16.508350014686584,
      "p95_ms": 22.875975009799003,
      "min_ms": 14.419999986886978,
      "max_ms": 23.084500014781952,
      "fps": 56.673294610178786
    },
    "inference_ms": {
      "count": 20,
      "mean_ms": 136.64788000434638,
      "median_ms": 133.55595000088215,
      "p95_ms": 172.7785900130868,
      "min_ms": 107.79300001263618,
      "max_ms": 194.71580001711845,
      "fps": 7.318079138645934
    },
    "postprocess_ms": {
      "count": 20,
      "mean_ms": 1.012920005619526,
      "median_ms": 0.9616499990224838,
      "p95_ms": 1.2572099834680557,
      "min_ms": 0.8595999777317047,
      "max_ms": 1.2802000045776367,
      "fps": 987.2447917428348
    },
    "total_ms": {
      "count": 20,
      "mean_ms": 155.31041499972343,
      "median_ms": 154.7475999891758,
      "p95_ms": 196.2927049934864,
      "min_ms": 125.13299998641014,
      "max_ms": 210.29009997844696,
      "fps": 6.438718227633226
    }
  },
  "cpp_timing": {
    "preprocess_ms": {
      "count": 20,
      "mean_ms": 15.220885,
      "median_ms": 14.90495,
      "p95_ms": 18.86339,
      "min_ms": 12.5274,
      "max_ms": 18.9373,
      "fps": 65.6992021160399
    },
    "inference_ms": {
      "count": 20,
      "mean_ms": 127.212375,
      "median_ms": 135.79045,
      "p95_ms": 152.688025,
      "min_ms": 88.0798,
      "max_ms": 168.6979,
      "fps": 7.86087045383753
    },
    "postprocess_ms": {
      "count": 20,
      "mean_ms": 0.11247,
      "median_ms": 0.1075,
      "p95_ms": 0.142465,
      "min_ms": 0.0846,
      "max_ms": 0.1722,
      "fps": 8891.25989152663
    },
    "total_ms": {
      "count": 20,
      "mean_ms": 142.570055,
      "median_ms": 152.26375000000002,
      "p95_ms": 171.716895,
      "min_ms": 101.0129,
      "max_ms": 187.8307,
      "fps": 7.014095631793086
    }
  },
  "speedup": 1.0893621034215315,
  "cpp_provider": "CPUExecutionProvider",
  "error_message": "",
  "matches": [
    {
      "status": "MATCHED",
      "python_index": 0,
      "cpp_index": 0,
      "class_id": 1,
      "class_name": "short",
      "class_match": true,
      "confidence_diff_abs": 1.4495849631757096e-08,
      "bbox_iou": 0.99999886731442,
      "python": {
        "class_id": 1,
        "class_name": "short",
        "confidence": 0.9095749855041504,
        "bbox": [
          1000.2360229492188,
          2069.331787109375,
          1108.5789794921875,
          2175.4150390625
        ]
      },
      "cpp": {
        "class_id": 1,
        "class_name": "short",
        "confidence": 0.909575,
        "bbox": [
          1000.236023,
          2069.331787,
          1108.578857,
          2175.415039
        ]
      }
    },
    {
      "status": "MATCHED",
      "python_index": 1,
      "cpp_index": 1,
      "class_id": 1,
      "class_name": "short",
      "class_match": true,
      "confidence_diff_abs": 1.4551544191832022e-07,
      "bbox_iou": 0.9999999855013266,
      "python": {
        "class_id": 1,
        "class_name": "short",
        "confidence": 0.7697838544845581,
        "bbox": [
          1420.3043212890625,
          1168.1798095703125,
          1510.2479248046875,
          1253.9056396484375
        ]
      },
      "cpp": {
        "class_id": 1,
        "class_name": "short",
        "confidence": 0.769784,
        "bbox": [
          1420.304321,
          1168.17981,
          1510.247925,
          1253.90564
        ]
      }
    },
    {
      "status": "MATCHED",
      "python_index": 2,
      "cpp_index": 2,
      "class_id": 1,
      "class_name": "short",
      "class_match": true,
      "confidence_diff_abs": 2.407875061005704e-07,
      "bbox_iou": 0.99999793224145,
      "python": {
        "class_id": 1,
        "class_name": "short",
        "confidence": 0.4446912407875061,
        "bbox": [
          2244.45068359375,
          1580.5582275390625,
          2363.1572265625,
          1693.982421875
        ]
      },
      "cpp": {
        "class_id": 1,
        "class_name": "short",
        "confidence": 0.444691,
        "bbox": [
          2244.450684,
          1580.558228,
          2363.157471,
          1693.982422
        ]
      }
    }
  ],
  "python_result": {
    "model": "models\\best.onnx",
    "image": "datasets\\pcb\\images\\test\\04_short_03.jpg",
    "provider": "CPUExecutionProvider",
    "input_name": "images",
    "output_name": "output0",
    "input_shape": [
      1,
      3,
      960,
      960
    ],
    "output_shape": [
      1,
      7,
      18900
    ],
    "config": {
      "imgsz": 960,
      "conf": 0.15,
      "iou": 0.7
    },
    "timing_ms": {
      "preprocess": 22.865000009536743,
      "inference": 171.6240000128746,
      "postprocess": 1.0631999969482422,
      "total": 195.55599999427795
    },
    "detections": [
      {
        "class_id": 1,
        "class_name": "short",
        "confidence": 0.9095749855041504,
        "bbox": [
          1000.2360229492188,
          2069.331787109375,
          1108.5789794921875,
          2175.4150390625
        ]
      },
      {
        "class_id": 1,
        "class_name": "short",
        "confidence": 0.7697838544845581,
        "bbox": [
          1420.3043212890625,
          1168.1798095703125,
          1510.2479248046875,
          1253.9056396484375
        ]
      },
      {
        "class_id": 1,
        "class_name": "short",
        "confidence": 0.4446912407875061,
        "bbox": [
          2244.45068359375,
          1580.5582275390625,
          2363.1572265625,
          1693.982421875
        ]
      }
    ]
  },
  "cpp_result": {
    "model": "models\\best.onnx",
    "image": "datasets\\pcb\\images\\test\\04_short_03.jpg",
    "provider": "CPUExecutionProvider",
    "input_name": "images",
    "output_name": "output0",
    "input_shape": [
      1,
      3,
      960,
      960
    ],
    "output_shape": [
      1,
      7,
      18900
    ],
    "config": {
      "imgsz": 960,
      "conf": 0.15,
      "iou": 0.7
    },
    "timing_ms": {
      "preprocess": 15.1789,
      "inference": 148.5376,
      "postprocess": 0.1109,
      "total": 163.8508
    },
    "detections": [
      {
        "class_id": 1,
        "class_name": "short",
        "confidence": 0.909575,
        "bbox": [
          1000.236023,
          2069.331787,
          1108.578857,
          2175.415039
        ]
      },
      {
        "class_id": 1,
        "class_name": "short",
        "confidence": 0.769784,
        "bbox": [
          1420.304321,
          1168.17981,
          1510.247925,
          1253.90564
        ]
      },
      {
        "class_id": 1,
        "class_name": "short",
        "confidence": 0.444691,
        "bbox": [
          2244.450684,
          1580.558228,
          2363.157471,
          1693.982422
        ]
      }
    ]
  },
  "timing_rows": [
    {
      "image_name": "04_short_03.jpg",
      "backend": "python",
      "repeat_index": 0,
      "preprocess_ms": 15.152899980545044,
      "inference_ms": 109.57879999279976,
      "postprocess_ms": 0.8595999777317047,
      "total_ms": 125.5954999923706,
      "provider": "CPUExecutionProvider"
    },
    {
      "image_name": "04_short_03.jpg",
      "backend": "python",
      "repeat_index": 1,
      "preprocess_ms": 18.84560000896454,