{
  "image_name": "04_short_02.jpg",
  "image_path": "datasets\\pcb\\images\\test\\04_short_02.jpg",
  "status": "PASS",
  "status_reason": "Detection counts, classes, confidence, and boxes are within PASS thresholds.",
  "python_detection_count": 3,
  "cpp_detection_count": 3,
  "matched_count": 3,
  "python_only_count": 0,
  "cpp_only_count": 0,
  "classes_match": true,
  "confidence_diff_mean": 3.159548441766802e-07,
  "confidence_diff_max": 3.503799438364652e-07,
  "bbox_iou_mean": 0.9999985768489698,
  "bbox_iou_min": 0.9999957531982173,
  "python_timing": {
    "preprocess_ms": {
      "count": 20,
      "mean_ms": 17.858715000748635,
      "median_ms": 16.409799993038177,
      "p95_ms": 23.500280000269413,
      "min_ms": 12.153400003910065,
      "max_ms": 24.27319997549057,
      "fps": 55.99507019167281
    },
    "inference_ms": {
      "count": 20,
      "mean_ms": 142.30229999572038,
      "median_ms": 141.81100000441074,
      "p95_ms": 182.8879399955273,
      "min_ms": 99.84089997410774,
      "max_ms": 212.04039999842644,
      "fps": 7.027293304676553
    },
    "postprocess_ms": {
      "count": 20,
      "mean_ms": 1.079850000143051,
      "median_ms": 0.9547999948263168,
      "p95_ms": 1.7989799827337272,
      "min_ms": 0.5855000019073486,
      "max_ms": 2.6498000025749207,
      "fps": 926.0545444900004
    },
    "total_ms": {
      "count": 20,
      "mean_ms": 161.245195004344,
      "median_ms": 163.9893500059843,
      "p95_ms": 202.0294349998236,
      "min_ms": 116.86500000953674,
      "max_ms": 229.04809999465942,
      "fps": 6.201735189523382
    }
  },
  "cpp_timing": {
    "preprocess_ms": {
      "count": 20,
      "mean_ms": 15.14819,
      "median_ms": 15.265799999999999,
      "p95_ms": 18.01389,
      "min_ms": 12.5068,
      "max_ms": 19.6097,
      "fps": 66.01448753943541
    },
    "inference_ms": {
      "count": 20,
      "mean_ms": 130.53891000000002,
      "median_ms": 124.0992,
      "p95_ms": 166.4092,
      "min_ms": 90.3629,
      "max_ms": 175.9073,
      "fps": 7.660551172060498
    },
    "postprocess_ms": {
      "count": 20,
      "mean_ms": 0.0984,
      "median_ms": 0.0959,
      "p95_ms": 0.13008,
      "min_ms": 0.0712,
      "max_ms": 0.1582,
      "fps": 10162.60162601626
    },
    "total_ms": {
      "count": 20,
      "mean_ms": 145.809795,
      "median_ms": 140.70675,
      "p95_ms": 184.40487,
      "min_ms": 103.3339,
      "max_ms": 192.7529,
      "fps": 6.858249817853458
    }
  },
  "speedup": 1.1058598292682875,
  "cpp_provider": "CPUExecutionProvider",
  "error_message": "",
  "matches": [
    {
      "status": "MATCHED",
      "python_index": 0,
      "cpp_index": 0,
      "class_id": 1,
      "class_name": "short",
      "class_match": true,
      "confidence_diff_abs": 3.503799438364652e-07,
      "bbox_iou": 0.9999999853750664,
      "python": {
        "class_id": 1,
        "class_name": "short",
        "confidence": 0.6657253503799438,
        "bbox": [
          2587.49072265625,
          1702.940185546875,
          2692.175537109375,
          1788.6795654296875
        ]
      },
      "cpp": {
        "class_id": 1,
        "class_name": "short",
        "confidence": 0.665725,
        "bbox": [
          2587.490723,
          1702.940186,
          2692.175537,
          1788.679565
        ]
      }
    },
    {
      "status": "MATCHED",
      "python_index": 1,
      "cpp_index": 1,
      "class_id": 1,
      "class_name": "short",
      "class_match": true,
      "confidence_diff_abs": 2.475509643939944e-07,
      "bbox_iou": 0.9999999919736255,
      "python": {
        "class_id": 1,
        "class_name": "short",
        "confidence": 0.6516257524490356,
        "bbox": [
          1579.7579345703125,
          1164.7137451171875,
          1658.6129150390625,
          1251.0224609375
        ]
      },
      "cpp": {
        "class_id": 1,
        "class_name": "short",
        "confidence": 0.651626,
        "bbox": [
          1579.757935,
          1164.713745,
          1658.612915,
          1251.022461
        ]
      }
    },
    {
      "status": "MATCHED",
      "python_index": 2,
      "cpp_index": 2,
      "class_id": 1,
      "class_name": "short",
      "class_match": true,
      "confidence_diff_abs": 3.4993362429958097e-07,
      "bbox_iou": 0.9999957531982173,
      "python": {
        "class_id": 1,
        "class_name": "short",
        "confidence": 0.6249683499336243,
        "bbox": [
          2032.952392578125,
          1610.7723388671875,
          2090.6162109375,
          1673.1240234375
        ]
      },
      "cpp": {
        "class_id": 1,
        "class_name": "short",
        "confidence": 0.624968,
        "bbox": [
          2032.952393,
          1610.772339,
          2090.615967,
          1673.124023
        ]
      }
    }
  ],
  "python_result": {
    "model": "models\\best.onnx",
    "image": "datasets\\pcb\\images\\test\\04_short_02.jpg",
    "provider": "CPUExecutionProvider",
    "input_name": "images",
    "output_name": "output0",
    "input_shape": [
      1,
      3,
      960,
      960
    ],
    "output_shape": [
      1,
      7,
      18900
    ],
    "config": {
      "imgsz": 960,
      "conf": 0.15,
      "iou": 0.7
    },
    "timing_ms": {
      "preprocess": 16.132200002670288,
      "inference": 140.5184000134468,
      "postprocess": 0.9235000014305115,
      "total": 157.5780000090599
    },
    "detections": [
      {
        "class_id": 1,
        "class_name": "short",
        "confidence": 0.6657253503799438,
        "bbox": [
          2587.49072265625,
          1702.940185546875,
          2692.175537109375,
          1788.6795654296875
        ]
      },
      {
        "class_id": 1,
        "class_name": "short",
        "confidence": 0.6516257524490356,
        "bbox": [
          1579.7579345703125,
          1164.7137451171875,
          1658.6129150390625,
          1251.0224609375
        ]
      },
      {
        "class_id": 1,
        "class_name": "short",
        "confidence": 0.6249683499336243,
        "bbox": [
          2032.952392578125,
          1610.7723388671875,
          2090.6162109375,
          1673.1240234375
        ]
      }
    ]
  },
  "cpp_result": {
    "model": "models\\best.onnx",
    "image": "datasets\\pcb\\images\\test\\04_short_02.jpg",
    "provider": "CPUExecutionProvider",
    "input_name": "images",
    "output_name": "output0",
    "input_shape": [
      1,
      3,
      960,
      960
    ],
    "output_shape": [
      1,
      7,
      18900
    ],
    "config": {
      "imgsz": 960,
      "conf": 0.15,
      "iou": 0.7
    },
    "timing_ms": {
      "preprocess": 15.589,
      "inference": 159.512,
      "postprocess": 0.0862,
      "total": 175.2104
    },
    "detections": [
      {
        "class_id": 1,
        "class_name": "short",
        "confidence": 0.665725,
        "bbox": [
          2587.490723,
          1702.940186,
          2692.175537,
          1788.679565
        ]
      },
      {
        "class_id": 1,
        "class_name": "short",
        "confidence": 0.651626,
        "bbox": [
          1579.757935,
          1164.713745,
          1658.612915,
          1251.022461
        ]
      },
      {
        "class_id": 1,
        "class_name": "short",
        "confidence": 0.624968,
        "bbox": [
          2032.952393,
          1610.772339,
          2090.615967,
          1673.124023
        ]
      }
    ]
  },
  "timing_rows": [
    {
      "image_name": "04_short_02.jpg",
      "backend": "python",
      "repeat_index": 0,
      "preprocess_ms": 18.18860000371933,
      "inference_ms": 181.35359999537468,
      "postprocess_ms": 1.0615000128746033,
      "total_ms": 200.60740000009537,
      "provider": "CPUExecutionProvider"
    },
    {
      "image_name": "04_short_02.jpg",
      "backend": "python",
      "repeat_index": 1,
      "preprocess_ms": 23.361200004816055,