{
  "image_name": "05_open_circuit_03.jpg",
  "image_path": "datasets\\pcb\\images\\test\\05_open_circuit_03.jpg",
  "status": "PASS",
  "status_reason": "Detection counts, classes, confidence, and boxes are within PASS thresholds.",
  "python_detection_count": 3,
  "cpp_detection_count": 3,
  "matched_count": 3,
  "python_only_count": 0,
  "cpp_only_count": 0,
  "classes_match": true,
  "confidence_diff_mean": 1.7026265464181733e-07,
  "confidence_diff_max": 4.5342254639813007e-07,
  "bbox_iou_mean": 0.9999960408293566,
  "bbox_iou_min": 0.9999893787533974,
  "python_timing": {
    "preprocess_ms": {
      "count": 20,
      "mean_ms": 16.871180003881456,
      "median_ms": 16.45075000822544,
      "p95_ms": 21.304505003988744,
      "min_ms": 14.087500005960464,
      "max_ms": 21.967700004577637,
      "fps": 59.27267682343118
    },
    "inference_ms": {
      "count": 20,
      "mean_ms": 126.64258000403643,
      "median_ms": 125.845400005579,
      "p95_ms": 171.50511998385193,
      "min_ms": 99.89800000190735,
      "max_ms": 179.91679999232292,
      "fps": 7.896238373919162
    },
    "postprocess_ms": {
      "count": 20,
      "mean_ms": 0.9506650015711784,
      "median_ms": 0.955049991607666,
      "p95_ms": 1.1192350015044212,
      "min_ms": 0.7865999937057495,
      "max_ms": 1.1598000228404999,
      "fps": 1051.8952505322957
    },
    "total_ms": {
      "count": 20,
      "mean_ms": 144.46876000612974,
      "median_ms": 145.2769000083208,
      "p95_ms": 190.13265999406576,
      "min_ms": 115.44409999251366,
      "max_ms": 197.77940002083778,
      "fps": 6.9219116988168965
    }
  },
  "cpp_timing": {
    "preprocess_ms": {
      "count": 20,
      "mean_ms": 14.1049,
      "median_ms": 13.9906,
      "p95_ms": 15.863030000000002,
      "min_ms": 12.6839,
      "max_ms": 17.3912,
      "fps": 70.89734773022141
    },
    "inference_ms": {
      "count": 20,
      "mean_ms": 115.494165,
      "median_ms": 105.99315,
      "p95_ms": 157.570505,
      "min_ms": 95.0045,
      "max_ms": 157.9563,
      "fps": 8.658446078206635
    },
    "postprocess_ms": {
      "count": 20,
      "mean_ms": 0.09824000000000001,
      "median_ms": 0.096,
      "p95_ms": 0.11840500000000001,
      "min_ms": 0.0781,
      "max_ms": 0.1318,
      "fps": 10179.15309446254
    },
    "total_ms": {
      "count": 20,
      "mean_ms": 129.72156,
      "median_ms": 119.3207,
      "p95_ms": 173.4727,
      "min_ms": 109.8463,
      "max_ms": 175.4639,
      "fps": 7.708818796197023
    }
  },
  "speedup": 1.1136834925985297,
  "cpp_provider": "CPUExecutionProvider",
  "error_message": "",
  "matches": [
    {
      "status": "MATCHED",
      "python_index": 0,
      "cpp_index": 0,
      "class_id": 0,
      "class_name": "open_circuit",
      "class_match": true,
      "confidence_diff_abs": 4.5342254639813007e-07,
      "bbox_iou": 0.9999893787533974,
      "python": {
        "class_id": 0,
        "class_name": "open_circuit",
        "confidence": 0.9182225465774536,
        "bbox": [
          1611.4901123046875,
          1374.61279296875,
          1658.842041015625,
          1419.342529296875
        ]
      },
      "cpp": {
        "class_id": 0,
        "class_name": "open_circuit",
        "confidence": 0.918223,
        "bbox": [
          1611.490112,
          1374.612793,
          1658.842285,
          1419.342285
        ]
      }
    },
    {
      "status": "MATCHED",
      "python_index": 1,
      "cpp_index": 1,
      "class_id": 0,
      "class_name": "open_circuit",
      "class_match": true,
      "confidence_diff_abs": 5.561447147250931e-08,
      "bbox_iou": 0.9999987640518713,
      "python": {
        "class_id": 0,
        "class_name": "open_circuit",
        "confidence": 0.5517409443855286,
        "bbox": [
          1401.8677978515625,
          836.7996215820312,
          1444.2435302734375,
          886.5424194335938
        ]
      },
      "cpp": {
        "class_id": 0,
        "class_name": "open_circuit",
        "confidence": 0.551741,
        "bbox": [
          1401.867798,
          836.799622,
          1444.24353,
          886.54248
        ]
      }
    },
    {
      "status": "MATCHED",
      "python_index": 2,
      "cpp_index": 2,
      "class_id": 0,
      "class_name": "open_circuit",
      "class_match": true,
      "confidence_diff_abs": 1.7509460548126299e-09,
      "bbox_iou": 0.9999999796828009,
      "python": {
        "class_id": 0,
        "class_name": "open_circuit",
        "confidence": 0.46751099824905396,
        "bbox": [
          1599.421630859375,
          745.4286499023438,
          1642.47119140625,
          791.08984375
        ]
      },
      "cpp": {
        "class_id": 0,
        "class_name": "open_circuit",
        "confidence": 0.467511,
        "bbox": [
          1599.421631,
          745.42865,
          1642.471191,
          791.089844
        ]
      }
    }
  ],
  "python_result": {
    "model": "models\\best.onnx",
    "image": "datasets\\pcb\\images\\test\\05_open_circuit_03.jpg",
    "provider": "CPUExecutionProvider",
    "input_name": "images",
    "output_name": "output0",
    "input_shape": [
      1,
      3,
      960,
      960
    ],
    "output_shape": [
      1,
      7,
      18900
    ],
    "config": {
      "imgsz": 960,
      "conf": 0.15,
      "iou": 0.7
    },
    "timing_ms": {
      "preprocess": 17.815400004386902,
      "inference": 171.06239998340607,
      "postprocess": 0.8482000231742859,
      "total": 189.7301999926567
    },
    "detections": [
      {
        "class_id": 0,
        "class_name": "open_circuit",
        "confidence": 0.9182225465774536,
        "bbox": [
          1611.4901123046875,
          1374.61279296875,
          1658.842041015625,
          1419.342529296875
        ]
      },
      {
        "class_id": 0,
        "class_name": "open_circuit",
        "confidence": 0.5517409443855286,
        "bbox": [
          1401.8677978515625,
          836.7996215820312,
          1444.2435302734375,
          886.5424194335938
        ]
      },
      {
        "class_id": 0,
        "class_name": "open_circuit",
        "confidence": 0.46751099824905396,
        "bbox": [
          1599.421630859375,
          745.4286499023438,
          1642.47119140625,
          791.08984375
        ]
      }
    ]
  },
  "cpp_result": {
    "model": "models\\best.onnx",
    "image": "datasets\\pcb\\images\\test\\05_open_circuit_03.jpg",
    "provider": "CPUExecutionProvider",
    "input_name": "images",
    "output_name": "output0",
    "input_shape": [
      1,
      3,
      960,
      960
    ],
    "output_shape": [
      1,
      7,
      18900
    ],
    "config": {
      "imgsz": 960,
      "conf": 0.15,
      "iou": 0.7
    },
    "timing_ms": {
      "preprocess": 12.9261,
      "inference": 105.5812,
      "postprocess": 0.0959,
      "total": 118.6263
    },
    "detections": [
      {
        "class_id": 0,
        "class_name": "open_circuit",
        "confidence": 0.918223,
        "bbox": [
          1611.490112,
          1374.612793,
          1658.842285,
          1419.342285
        ]
      },
      {
        "class_id": 0,
        "class_name": "open_circuit",
        "confidence": 0.551741,
        "bbox": [
          1401.867798,
          836.799622,
          1444.24353,
          886.54248
        ]
      },
      {
        "class_id": 0,
        "class_name": "open_circuit",
        "confidence": 0.467511,
        "bbox": [
          1599.421631,
          745.42865,
          1642.471191,
          791.089844
        ]
      }
    ]
  },
  "timing_rows": [
    {
      "image_name": "05_open_circuit_03.jpg",
      "backend": "python",
      "repeat_index": 0,
      "preprocess_ms": 14.087500005960464,
      "inference_ms": 101.72360000014305,
      "postprocess_ms": 1.0481999814510345,
      "total_ms": 116.86269998550415,