{
  "image_name": "05_short_03.jpg",
  "image_path": "datasets\\pcb\\images\\test\\05_short_03.jpg",
  "status": "PASS",
  "status_reason": "Detection counts, classes, confidence, and boxes are within PASS thresholds.",
  "python_detection_count": 3,
  "cpp_detection_count": 3,
  "matched_count": 3,
  "python_only_count": 0,
  "cpp_only_count": 0,
  "classes_match": true,
  "confidence_diff_mean": 4.1834386192244705e-07,
  "confidence_diff_max": 4.87159729001263e-07,
  "bbox_iou_mean": 0.9999979384313727,
  "bbox_iou_min": 0.999996644873442,
  "python_timing": {
    "preprocess_ms": {
      "count": 20,
      "mean_ms": 16.497960002720355,
      "median_ms": 15.853999987244606,
      "p95_ms": 19.578394983708858,
      "min_ms": 13.191599994897842,
      "max_ms": 19.899399995803833,
      "fps": 60.61355463554946
    },
    "inference_ms": {
      "count": 20,
      "mean_ms": 128.12818499952556,
      "median_ms": 128.97879998385906,
      "p95_ms": 156.27414501309394,
      "min_ms": 92.62420001626015,
      "max_ms": 157.08630001544952,
      "fps": 7.804684035785748
    },
    "postprocess_ms": {
      "count": 20,
      "mean_ms": 1.112154994904995,
      "median_ms": 1.0326499938964844,
      "p95_ms": 1.493619987368584,
      "min_ms": 0.7197000086307526,
      "max_ms": 2.0564000010490417,
      "fps": 899.1552477678026
    },
    "total_ms": {
      "count": 20,
      "mean_ms": 145.74233000278474,
      "median_ms": 149.25540001690388,
      "p95_ms": 173.3903849989176,
      "min_ms": 106.92800003290176,
      "max_ms": 177.27939999103546,
      "fps": 6.861424542759078
    }
  },
  "cpp_timing": {
    "preprocess_ms": {
      "count": 20,
      "mean_ms": 14.814435,
      "median_ms": 13.6293,
      "p95_ms": 18.801675000000003,
      "min_ms": 12.6556,
      "max_ms": 21.1553,
      "fps": 67.50173057561763
    },
    "inference_ms": {
      "count": 20,
      "mean_ms": 128.284995,
      "median_ms": 124.0427,
      "p95_ms": 165.18741500000002,
      "min_ms": 91.1265,
      "max_ms": 177.0646,
      "fps": 7.795143929342633
    },
    "postprocess_ms": {
      "count": 20,
      "mean_ms": 0.10806,
      "median_ms": 0.10439999999999999,
      "p95_ms": 0.12720500000000007,
      "min_ms": 0.0811,
      "max_ms": 0.2052,
      "fps": 9254.118082546733
    },
    "total_ms": {
      "count": 20,
      "mean_ms": 143.231585,
      "median_ms": 138.15295,
      "p95_ms": 180.58939,
      "min_ms": 104.4492,
      "max_ms": 194.1609,
      "fps": 6.981700300251513
    }
  },
  "speedup": 1.0175292691397972,
  "cpp_provider": "CPUExecutionProvider",
  "error_message": "",
  "matches": [
    {
      "status": "MATCHED",
      "python_index": 0,
      "cpp_index": 0,
      "class_id": 1,
      "class_name": "short",
      "class_match": true,
      "confidence_diff_abs": 4.305953980043853e-07,
      "bbox_iou": 0.999996644873442,
      "python": {
        "class_id": 1,
        "class_name": "short",
        "confidence": 0.904861569404602,
        "bbox": [
          2289.46435546875,
          1820.817626953125,
          2362.356201171875,
          1898.088134765625
        ]
      },
      "cpp": {
        "class_id": 1,
        "class_name": "short",
        "confidence": 0.904862,
        "bbox": [
          2289.464355,
          1820.817627,
          2362.356445,
          1898.088135
        ]
      }
    },
    {
      "status": "MATCHED",
      "python_index": 1,
      "cpp_index": 1,
      "class_id": 1,
      "class_name": "short",
      "class_match": true,
      "confidence_diff_abs": 3.3727645876169277e-07,
      "bbox_iou": 0.9999999863196476,
      "python": {
        "class_id": 1,
        "class_name": "short",
        "confidence": 0.8441596627235413,
        "bbox": [
          2397.498046875,
          1681.334228515625,
          2466.1162109375,
          1747.7000732421875
        ]
      },
      "cpp": {
        "class_id": 1,
        "class_name": "short",
        "confidence": 0.84416,
        "bbox": [
          2397.498047,
          1681.334229,
          2466.116211,
          1747.700073
        ]
      }
    },
    {
      "status": "MATCHED",
      "python_index": 2,
      "cpp_index": 2,
      "class_id": 1,
      "class_name": "short",
      "class_match": true,
      "confidence_diff_abs": 4.87159729001263e-07,
      "bbox_iou": 0.9999971841010289,
      "python": {
        "class_id": 1,
        "class_name": "short",
        "confidence": 0.798148512840271,
        "bbox": [
          1576.7764892578125,
          1132.0191650390625,
          1663.52392578125,
          1216.3857421875
        ]
      },
      "cpp": {
        "class_id": 1,
        "class_name": "short",
        "confidence": 0.798149,
        "bbox": [
          1576.776489,
          1132.019165,
          1663.523682,
          1216.385742
        ]
      }
    }
  ],
  "python_result": {
    "model": "models\\best.onnx",
    "image": "datasets\\pcb\\images\\test\\05_short_03.jpg",
    "provider": "CPUExecutionProvider",
    "input_name": "images",
    "output_name": "output0",
    "input_shape": [
      1,
      3,
      960,
      960
    ],
    "output_shape": [
      1,
      7,
      18900
    ],
    "config": {
      "imgsz": 960,
      "conf": 0.15,
      "iou": 0.7
    },
    "timing_ms": {
      "preprocess": 19.899399995803833,
      "inference": 156.23140001296997,
      "postprocess": 1.1447999775409698,
      "total": 177.27939999103546
    },
    "detections": [
      {
        "class_id": 1,
        "class_name": "short",
        "confidence": 0.904861569404602,
        "bbox": [
          2289.46435546875,
          1820.817626953125,
          2362.356201171875,
          1898.088134765625
        ]
      },
      {
        "class_id": 1,
        "class_name": "short",
        "confidence": 0.8441596627235413,
        "bbox": [
          2397.498046875,
          1681.334228515625,
          2466.1162109375,
          1747.7000732421875
        ]
      },
      {
        "class_id": 1,
        "class_name": "short",
        "confidence": 0.798148512840271,
        "bbox": [
          1576.7764892578125,
          1132.0191650390625,
          1663.52392578125,
          1216.3857421875
        ]
      }
    ]
  },
  "cpp_result": {
    "model": "models\\best.onnx",
    "image": "datasets\\pcb\\images\\test\\05_short_03.jpg",
    "provider": "CPUExecutionProvider",
    "input_name": "images",
    "output_name": "output0",
    "input_shape": [
      1,
      3,
      960,
      960
    ],
    "output_shape": [
      1,
      7,
      18900
    ],
    "config": {
      "imgsz": 960,
      "conf": 0.15,
      "iou": 0.7
    },
    "timing_ms": {
      "preprocess": 12.8502,
      "inference": 116.2458,
      "postprocess": 0.1067,
      "total": 129.2211
    },
    "detections": [
      {
        "class_id": 1,
        "class_name": "short",
        "confidence": 0.904862,
        "bbox": [
          2289.464355,
          1820.817627,
          2362.356445,
          1898.088135
        ]
      },
      {
        "class_id": 1,
        "class_name": "short",
        "confidence": 0.84416,
        "bbox": [
          2397.498047,
          1681.334229,
          2466.116211,
          1747.700073
        ]
      },
      {
        "class_id": 1,
        "class_name": "short",
        "confidence": 0.798149,
        "bbox": [
          1576.776489,
          1132.019165,
          1663.523682,
          1216.385742
        ]
      }
    ]
  },
  "timing_rows": [
    {
      "image_name": "05_short_03.jpg",
      "backend": "python",
      "repeat_index": 0,
      "preprocess_ms": 15.74219998717308,
      "inference_ms": 108.05549997091293,
      "postprocess_ms": 0.9492999613285065,
      "total_ms": 124.75110000371933,
      "provider": "CPUExecutionProvider"
    },
    {
      "image_name": "05_short_03.jpg",
      "backend": "python",
      "repeat_index": 1,
      "preprocess_ms": 15.322899997234344,