{
  "image_name": "05_short_06.jpg",
  "image_path": "datasets\\pcb\\images\\test\\05_short_06.jpg",
  "status": "PASS",
  "status_reason": "Detection counts, classes, confidence, and boxes are within PASS thresholds.",
  "python_detection_count": 2,
  "cpp_detection_count": 2,
  "matched_count": 2,
  "python_only_count": 0,
  "cpp_only_count": 0,
  "classes_match": true,
  "confidence_diff_mean": 2.2174453734313815e-07,
  "confidence_diff_max": 2.649078368888169e-07,
  "bbox_iou_mean": 0.9999994762292264,
  "bbox_iou_min": 0.9999993493397207,
  "python_timing": {
    "preprocess_ms": {
      "count": 20,
      "mean_ms": 16.865060004591943,
      "median_ms": 16.41465000808239,
      "p95_ms": 20.959544996917252,
      "min_ms": 13.39139997959137,
      "max_ms": 25.849100023508072,
      "fps": 59.294185714591265
    },
    "inference_ms": {
      "count": 20,
      "mean_ms": 132.3833350032568,
      "median_ms": 132.8669999986887,
      "p95_ms": 172.30939002335072,
      "min_ms": 91.1279000043869,
      "max_ms": 188.5959999859333,
      "fps": 7.553820879156721
    },
    "postprocess_ms": {
      "count": 20,
      "mean_ms": 1.0329499989748,
      "median_ms": 0.912650004029274,
      "p95_ms": 1.9156099811196332,
      "min_ms": 0.6519999802112579,
      "max_ms": 2.5085999965667725,
      "fps": 968.1010707125196
    },
    "total_ms": {
      "count": 20,
      "mean_ms": 150.28524000942707,
      "median_ms": 149.89124999940395,
      "p95_ms": 189.92201003134252,
      "min_ms": 105.78229999542236,
      "max_ms": 206.83600002527237,
      "fps": 6.654013394377732
    }
  },
  "cpp_timing": {
    "preprocess_ms": {
      "count": 20,
      "mean_ms": 13.886125000000002,
      "median_ms": 13.6236,
      "p95_ms": 15.61495,
      "min_ms": 12.5595,
      "max_ms": 17.6774,
      "fps": 72.0143308518395
    },
    "inference_ms": {
      "count": 20,
      "mean_ms": 126.46379999999999,
      "median_ms": 122.33715000000001,
      "p95_ms": 171.39555000000001,
      "min_ms": 88.7366,
      "max_ms": 171.5257,
      "fps": 7.907401169346485
    },
    "postprocess_ms": {
      "count": 20,
      "mean_ms": 0.129635,
      "median_ms": 0.10389999999999999,
      "p95_ms": 0.15761500000000034,
      "min_ms": 0.078,
      "max_ms": 0.6101,
      "fps": 7713.9661356886645
    },
    "total_ms": {
      "count": 20,
      "mean_ms": 140.50229,
      "median_ms": 136.43505,
      "p95_ms": 186.30426500000002,
      "min_ms": 102.1198,
      "max_ms": 187.1852,
      "fps": 7.117321717674495
    }
  },
  "speedup": 1.0696284025650193,
  "cpp_provider": "CPUExecutionProvider",
  "error_message": "",
  "matches": [
    {
      "status": "MATCHED",
      "python_index": 0,
      "cpp_index": 0,
      "class_id": 1,
      "class_name": "short",
      "class_match": true,
      "confidence_diff_abs": 1.7858123779745938e-07,
      "bbox_iou": 0.9999996031187319,
      "python": {
        "class_id": 1,
        "class_name": "short",
        "confidence": 0.8391941785812378,
        "bbox": [
          1975.3768310546875,
          343.05474853515625,
          2051.620361328125,
          422.88226318359375
        ]
      },
      "cpp": {
        "class_id": 1,
        "class_name": "short",
        "confidence": 0.839194,
        "bbox": [
          1975.376831,
          343.054749,
          2051.620361,
          422.882294
        ]
      }
    },
    {
      "status": "MATCHED",
      "python_index": 1,
      "cpp_index": 1,
      "class_id": 1,
      "class_name": "short",
      "class_match": true,
      "confidence_diff_abs": 2.649078368888169e-07,
      "bbox_iou": 0.9999993493397207,
      "python": {
        "class_id": 1,
        "class_name": "short",
        "confidence": 0.8014242649078369,
        "bbox": [
          588.1365356445312,
          635.34716796875,
          666.9561157226562,
          730.6705322265625
        ]
      },
      "cpp": {
        "class_id": 1,
        "class_name": "short",
        "confidence": 0.801424,
        "bbox": [
          588.136536,
          635.347168,
          666.956116,
          730.670471
        ]
      }
    }
  ],
  "python_result": {
    "model": "models\\best.onnx",
    "image": "datasets\\pcb\\images\\test\\05_short_06.jpg",
    "provider": "CPUExecutionProvider",
    "input_name": "images",
    "output_name": "output0",
    "input_shape": [
      1,
      3,
      960,
      960
    ],
    "output_shape": [
      1,
      7,
      18900
    ],
    "config": {
      "imgsz": 960,
      "conf": 0.15,
      "iou": 0.7
    },
    "timing_ms": {
      "preprocess": 18.712600022554398,
      "inference": 127.63050001859665,
      "postprocess": 1.0126999914646149,
      "total": 147.3594000339508
    },
    "detections": [
      {
        "class_id": 1,
        "class_name": "short",
        "confidence": 0.8391941785812378,
        "bbox": [
          1975.3768310546875,
          343.05474853515625,
          2051.620361328125,
          422.88226318359375
        ]
      },
      {
        "class_id": 1,
        "class_name": "short",
        "confidence": 0.8014242649078369,
        "bbox": [
          588.1365356445312,
          635.34716796875,
          666.9561157226562,
          730.6705322265625
        ]
      }
    ]
  },
  "cpp_result": {
    "model": "models\\best.onnx",
    "image": "datasets\\pcb\\images\\test\\05_short_06.jpg",
    "provider": "CPUExecutionProvider",
    "input_name": "images",
    "output_name": "output0",
    "input_shape": [
      1,
      3,
      960,
      960
    ],
    "output_shape": [
      1,
      7,
      18900
    ],
    "config": {
      "imgsz": 960,
      "conf": 0.15,
      "iou": 0.7
    },
    "timing_ms": {
      "preprocess": 15.5064,
      "inference": 171.5257,
      "postprocess": 0.1308,
      "total": 187.1852
    },
    "detections": [
      {
        "class_id": 1,
        "class_name": "short",
        "confidence": 0.839194,
        "bbox": [
          1975.376831,
          343.054749,
          2051.620361,
          422.882294
        ]
      },
      {
        "class_id": 1,
        "class_name": "short",
        "confidence": 0.801424,
        "bbox": [
          588.136536,
          635.347168,
          666.956116,
          730.670471
        ]
      }
    ]
  },
  "timing_rows": [
    {
      "image_name": "05_short_06.jpg",
      "backend": "python",
      "repeat_index": 0,
      "preprocess_ms": 15.474000006914139,
      "inference_ms": 108.53930002450943,
      "postprocess_ms": 0.8172000050544739,
      "total_ms": 124.83630001544952,
      "provider": "CPUExecutionProvider"
    },
    {
      "image_name": "05_short_06.jpg",
      "backend": "python",
      "repeat_index": 1,
      "preprocess_ms": 16.344200015068054,
      "inference_ms": 105.73390001058578,
      "postprocess_ms": 0.6519999802112579,
      "total_ms": 122.7335000038147,
      "provider": "CPUExecutionProvider"
    },
    {
      "image_name": "05_short_06.jpg",
      "backend": "python",
      "repeat_index": 2,
      "preprocess_ms": 13.801699995994568,
      "inference_ms": 91.1279000043869,
      "postprocess_ms": 0.8494000136852264,
      "total_ms": 105.78229999542236,
      "provider": "CPUExecutionProvider"
    },
    {
      "image_name": "05_short_06.jpg",
      "backend": "python",
      "repeat_index": 3,
      "preprocess_ms": 14.880199998617172,
      "inference_ms": 106.52550002932549,
      "postprocess_ms": 0.8160000145435333,
      "total_ms": 122.22610002756119,
      "provider": "CPUExecutionProvider"
    },
    {
      "image_name": "05_short_06.jpg",
      "backend": "python",
      "repeat_index": 4,
      "preprocess_ms": 15.28710001707077,
      "inference_ms": 103.80990001559258,
      "postprocess_ms": 1.2633000016212463,
      "total_ms": 120.36590000987053,
      "provider": "CPUExecutionProvider"
    },
    {
      "image_name": "05_short_06.jpg",
      "backend": "python",
      "repeat_index": 5,