{
  "image_name": "05_short_04.jpg",
  "image_path": "datasets\\pcb\\images\\test\\05_short_04.jpg",
  "status": "PASS",
  "status_reason": "Detection counts, classes, confidence, and boxes are within PASS thresholds.",
  "python_detection_count": 3,
  "cpp_detection_count": 3,
  "matched_count": 3,
  "python_only_count": 0,
  "cpp_only_count": 0,
  "classes_match": true,
  "confidence_diff_mean": 2.414131164603835e-07,
  "confidence_diff_max": 3.9549255370641134e-07,
  "bbox_iou_mean": 0.9999985383003108,
  "bbox_iou_min": 0.9999979556468266,
  "python_timing": {
    "preprocess_ms": {
      "count": 20,
      "mean_ms": 16.811634999513625,
      "median_ms": 16.863149985671043,
      "p95_ms": 19.143059988319873,
      "min_ms": 13.122900009155273,
      "max_ms": 20.436199992895126,
      "fps": 59.482614274514695
    },
    "inference_ms": {
      "count": 20,
      "mean_ms": 129.9300299987197,
      "median_ms": 132.87044997513294,
      "p95_ms": 169.15611498951912,
      "min_ms": 93.10699999332428,
      "max_ms": 182.20370000600815,
      "fps": 7.696450158672739
    },
    "postprocess_ms": {
      "count": 20,
      "mean_ms": 1.1745950013399125,
      "median_ms": 1.0231000036001205,
      "p95_ms": 1.5926850050687804,
      "min_ms": 0.6739999949932098,
      "max_ms": 3.5645999908447266,
      "fps": 851.3572753666207
    },
    "total_ms": {
      "count": 20,
      "mean_ms": 147.92091500610113,
      "median_ms": 150.51940001547337,
      "p95_ms": 188.53413499593736,
      "min_ms": 109.33530002832413,
      "max_ms": 200.24259999394417,
      "fps": 6.760369214581685
    }
  },
  "cpp_timing": {
    "preprocess_ms": {
      "count": 20,
      "mean_ms": 14.723355000000002,
      "median_ms": 14.2819,
      "p95_ms": 16.958715,
      "min_ms": 12.9629,
      "max_ms": 19.3663,
      "fps": 67.91930236009387
    },
    "inference_ms": {
      "count": 20,
      "mean_ms": 127.96465,
      "median_ms": 126.4456,
      "p95_ms": 164.28149000000002,
      "min_ms": 95.9144,
      "max_ms": 189.443,
      "fps": 7.8146581888044855
    },
    "postprocess_ms": {
      "count": 20,
      "mean_ms": 0.101465,
      "median_ms": 0.0995,
      "p95_ms": 0.122475,
      "min_ms": 0.0828,
      "max_ms": 0.1296,
      "fps": 9855.615236781156
    },
    "total_ms": {
      "count": 20,
      "mean_ms": 142.82695,
      "median_ms": 141.08845000000002,
      "p95_ms": 180.70300500000002,
      "min_ms": 109.0396,
      "max_ms": 205.9408,
      "fps": 7.001479762747857
    }
  },
  "speedup": 1.0356652929023626,
  "cpp_provider": "CPUExecutionProvider",
  "error_message": "",
  "matches": [
    {
      "status": "MATCHED",
      "python_index": 0,
      "cpp_index": 0,
      "class_id": 1,
      "class_name": "short",
      "class_match": true,
      "confidence_diff_abs": 8.42704772630043e-08,
      "bbox_iou": 0.9999983214941062,
      "python": {
        "class_id": 1,
        "class_name": "short",
        "confidence": 0.7826889157295227,
        "bbox": [
          1857.825927734375,
          1338.3255615234375,
          1931.274169921875,
          1412.20751953125
        ]
      },
      "cpp": {
        "class_id": 1,
        "class_name": "short",
        "confidence": 0.782689,
        "bbox": [
          1857.825928,
          1338.325562,
          1931.274292,
          1412.20752
        ]
      }
    },
    {
      "status": "MATCHED",
      "python_index": 1,
      "cpp_index": 1,
      "class_id": 1,
      "class_name": "short",
      "class_match": true,
      "confidence_diff_abs": 2.444763184117349e-07,
      "bbox_iou": 0.9999993377599997,
      "python": {
        "class_id": 1,
        "class_name": "short",
        "confidence": 0.7223267555236816,
        "bbox": [
          1986.995361328125,
          899.4187622070312,
          2090.62744140625,
          993.5044555664062
        ]
      },
      "cpp": {
        "class_id": 1,
        "class_name": "short",
        "confidence": 0.722327,
        "bbox": [
          1986.995361,
          899.418762,
          2090.627441,
          993.504517
        ]
      }
    },
    {
      "status": "MATCHED",
      "python_index": 2,
      "cpp_index": 2,
      "class_id": 1,
      "class_name": "short",
      "class_match": true,
      "confidence_diff_abs": 3.9549255370641134e-07,
      "bbox_iou": 0.9999979556468266,
      "python": {
        "class_id": 1,
        "class_name": "short",
        "confidence": 0.5533463954925537,
        "bbox": [
          1381.3956298828125,
          1505.1656494140625,
          1447.0006103515625,
          1565.4195556640625
        ]
      },
      "cpp": {
        "class_id": 1,
        "class_name": "short",
        "confidence": 0.553346,
        "bbox": [
          1381.39563,
          1505.165649,
          1447.00061,
          1565.419678
        ]
      }
    }
  ],
  "python_result": {
    "model": "models\\best.onnx",
    "image": "datasets\\pcb\\images\\test\\05_short_04.jpg",
    "provider": "CPUExecutionProvider",
    "input_name": "images",
    "output_name": "output0",
    "input_shape": [
      1,
      3,
      960,
      960
    ],
    "output_shape": [
      1,
      7,
      18900
    ],
    "config": {
      "imgsz": 960,
      "conf": 0.15,
      "iou": 0.7
    },
    "timing_ms": {
      "preprocess": 16.90030002593994,
      "inference": 131.46889999508858,
      "postprocess": 1.2338999807834625,
      "total": 149.60769999027252
    },
    "detections": [
      {
        "class_id": 1,
        "class_name": "short",
        "confidence": 0.7826889157295227,
        "bbox": [
          1857.825927734375,
          1338.3255615234375,
          1931.274169921875,
          1412.20751953125
        ]
      },
      {
        "class_id": 1,
        "class_name": "short",
        "confidence": 0.7223267555236816,
        "bbox": [
          1986.995361328125,
          899.4187622070312,
          2090.62744140625,
          993.5044555664062
        ]
      },
      {
        "class_id": 1,
        "class_name": "short",
        "confidence": 0.5533463954925537,
        "bbox": [
          1381.3956298828125,
          1505.1656494140625,
          1447.0006103515625,
          1565.4195556640625
        ]
      }
    ]
  },
  "cpp_result": {
    "model": "models\\best.onnx",
    "image": "datasets\\pcb\\images\\test\\05_short_04.jpg",
    "provider": "CPUExecutionProvider",
    "input_name": "images",
    "output_name": "output0",
    "input_shape": [
      1,
      3,
      960,
      960
    ],
    "output_shape": [
      1,
      7,
      18900
    ],
    "config": {
      "imgsz": 960,
      "conf": 0.15,
      "iou": 0.7
    },
    "timing_ms": {
      "preprocess": 13.3299,
      "inference": 110.2178,
      "postprocess": 0.098,
      "total": 123.6705
    },
    "detections": [
      {
        "class_id": 1,
        "class_name": "short",
        "confidence": 0.782689,
        "bbox": [
          1857.825928,
          1338.325562,
          1931.274292,
          1412.20752
        ]
      },
      {
        "class_id": 1,
        "class_name": "short",
        "confidence": 0.722327,
        "bbox": [
          1986.995361,
          899.418762,
          2090.627441,
          993.504517
        ]
      },
      {
        "class_id": 1,
        "class_name": "short",
        "confidence": 0.553346,
        "bbox": [
          1381.39563,
          1505.165649,
          1447.00061,
          1565.419678
        ]
      }
    ]
  },
  "timing_rows": [
    {
      "image_name": "05_short_04.jpg",
      "backend": "python",
      "repeat_index": 0,
      "preprocess_ms": 15.05730003118515,
      "inference_ms": 105.84790003299713,
      "postprocess_ms": 1.3074999749660492,
      "total_ms": 122.21790000796318,
      "provider": "CPUExecutionProvider"
    },
    {
      "image_name": "05_short_04.jpg",
      "backend": "python",
      "repeat_index": 1,