backend,stage,count,mean_ms,median_ms,min_ms,max_ms,p95_ms,std_ms,fps
pytorch,preprocess_ms,1050,8.832460857229307,8.505300007527694,4.192199994577095,22.89540000492707,14.220224997552577,2.7522290644879392,113.21872988336054
pytorch,inference_ms,1050,12.333940475225626,11.944500001845881,6.985300016822293,44.99729999224655,17.83331000624457,3.3270406723066763,81.07708984072318
pytorch,postprocess_ms,1050,2.909003333354901,2.7639000036288053,1.5069000073708594,10.568700003204867,4.320549995463807,0.873297012230899,343.76034861627954
pytorch,total_ms,1050,64.69504238050874,64.16819999867585,36.239200009731576,170.29499998898245,87.19648999394848,13.880829700985684,15.457134939620644
onnx,preprocess_ms,1050,21.544984856625973,20.290849992306903,10.087000002386048,79.41880001453683,32.736480003222816,6.11409324172897,46.41451394162659
onnx,inference_ms,1050,10.945048380693022,10.062700006528758,8.161500009009615,32.82809999655001,15.077025003847664,2.3190402662755054,91.3655166444026
onnx,postprocess_ms,1050,1.1698803815913077,1.0676499950932339,0.544899987289682,8.642799977678806,1.9021500003873364,0.5341697655452718,854.788246504116
onnx,total_ms,1050,33.66985104764657,31.75955002370756,19.54509998904541,113.24839998269454,48.265069992339704,7.932513004870923,29.700161090255175
