image,backend,run_index,is_warmup,preprocess_ms,inference_ms,postprocess_ms,backend_total_ms,host_roundtrip_ms,end_to_end_ms,worker_pid,fallback_used
01_missing_hole_03.jpg,pytorch,0,True,5.771399999503046,7.66279999515973,9.463299997150898,1872.5287000124808,1970.1951000024565,1970.1951000024565,,False
01_missing_hole_03.jpg,pytorch,1,True,4.7556000063195825,7.680800015805289,1.1011000024154782,40.9421999938786,41.33259999798611,41.33259999798611,,False
01_missing_hole_03.jpg,pytorch,2,True,4.7752000100445,7.300600002054125,1.8407999887131155,41.39190001296811,41.78299999330193,41.78299999330193,,False
01_missing_hole_03.jpg,pytorch,3,True,4.699200013419613,7.0970999950077385,2.53800000064075,40.92780000064522,41.32390001905151,41.32390001905151,,False
01_missing_hole_03.jpg,pytorch,4,True,4.884699999820441,7.198899984359741,1.823400001740083,40.49970000050962,40.888599993195385,40.888599993195385,,False
01_missing_hole_03.jpg,pytorch,0,False,4.672300012316555,7.028599997283891,2.2240000253077596,40.881299995817244,41.303500009234995,41.303500009234995,,False
01_missing_hole_03.jpg,pytorch,1,False,4.808300000149757,7.240699982503429,1.8207999819424003,40.75650000595488,41.143499984173104,41.143499984173104,,False
01_missing_hole_03.jpg,pytorch,2,False,4.717300005722791,7.128199998987839,1.7930000030901283,40.37329999846406,40.76139998505823,40.76139998505823,,False
01_missing_hole_03.jpg,pytorch,3,False,4.697099997429177,7.049699983326718,1.7780999769456685,39.83609998249449,40.21509998710826,40.21509998710826,,False
01_missing_hole_03.jpg,pytorch,4,False,4.7101999807637185,7.961800001794472,1.7644999898038805,41.18460000609048,41.57130001112819,41.57130001112819,,False
01_missing_hole_03.jpg,pytorch,5,False,4.8180999874603,6.907600007252768,1.656000007642433,39.710600016405806,40.094600000884384,40.094600000884384,,False
01_missing_hole_03.jpg,pytorch,6,False,4.873800004133955,6.86870000208728,1.5586999943479896,39.74659999948926,40.16220002085902,40.16220002085902,,False
01_missing_hole_03.jpg,pytorch,7,False,4.709100001491606,10.764199978439137,1.9697999814525247,44.08550000516698,44.59679999854416,44.59679999854416,,False
01_missing_hole_03.jpg,pytorch,8,False,4.772600019350648,10.610600002110004,1.9056000164709985,44.37889999826439,44.87610000069253,44.87610000069253,,False
01_missing_hole_03.jpg,pytorch,9,False,4.762500000651926,10.900000022957101,2.1908000053372234,44.3712999986019,44.88270002184436,44.88270002184436,,False
01_missing_hole_03.jpg,pytorch,10,False,4.968499997630715,10.926000017207116,2.0332999993115664,45.03300000214949,45.62210000585765,45.62210000585765,,False
01_missing_hole_03.jpg,pytorch,11,False,4.893499979516491,10.953899996820837,2.048900001682341,44.847599987406284,45.3519000147935,45.3519000147935,,False
01_missing_hole_03.jpg,pytorch,12,False,5.48940000589937,11.404500022763386,2.227699995273724,44.88770000170916,45.43090000515804,45.43090000515804,,False
01_missing_hole_03.jpg,pytorch,13,False,5.710500001441687,10.926599992671981,2.0471000170800835,49.78639999171719,50.3035000001546,50.3035000001546,,False
01_missing_hole_03.jpg,pytorch,14,False,5.648799997288734,11.75199999124743,2.2730999917257577,49.6030000213068,50.1479999802541,50.1479999802541,,False
01_missing_hole_03.jpg,pytorch,15,False,6.38569999136962,11.269600014202297,2.2914999863132834,49.34060000232421,49.88589999265969,49.88589999265969,,False
01_missing_hole_03.jpg,pytorch,16,False,4.802900017239153,10.765700018964708,1.9786999910138547,45.179300010204315,45.694999978877604,45.694999978877604,,False
01_missing_hole_03.jpg,pytorch,17,False,4.731199995148927,10.624999995343387,1.9758999987971038,43.70289997314103,44.213099987246096,44.213099987246096,,False
01_missing_hole_03.jpg,pytorch,18,False,4.713100002845749,10.55060001090169,1.8856000097002834,43.71159998117946,44.21970000839792,44.21970000839792,,False
01_missing_hole_03.jpg,pytorch,19,False,4.73519999650307,10.715099982917309,1.9868999952450395,43.95789999398403,44.46619999362156,44.46619999362156,,False
01_open_circuit_02.jpg,pytorch,0,False,4.740200005471706,7.319299998925999,1.8447000184096396,41.58910000114702,41.995200008386746,41.995200008386746,,False
01_open_circuit_02.jpg,pytorch,1,False,4.736200004117563,7.227900001453236,1.7823000089265406,40.42969999136403,40.81059998134151,40.81059998134151,,False
01_open_circuit_02.jpg,pytorch,2,False,4.746199992951006,7.296099996892735,1.7951000190805644,41.4075999869965,41.808900015894324,41.808900015894324,,False
01_open_circuit_02.jpg,pytorch,3,False,4.719200020190328,7.0460999850183725,1.724900008412078,40.49319998011924,40.87779999827035,40.87779999827035,,False
01_open_circuit_02.jpg,pytorch,4,False,4.685599997173995,7.17840000288561,1.748699985910207,40.7102000026498,41.104700008872896,41.104700008872896,,False
01_open_circuit_02.jpg,pytorch,5,False,4.748200008179992,7.085699995514005,1.7439000075682998,40.37789997528307,40.76959998928942,40.76959998928942,,False
01_open_circuit_02.jpg,pytorch,6,False,4.7682000149507076,7.013099995674565,1.6935000021476299,40.18710000673309,40.573100006440654,40.573100006440654,,False
01_open_circuit_02.jpg,pytorch,7,False,4.73819999024272,7.195000012870878,1.7589000053703785,40.1484000030905,40.53110000677407,40.53110000677407,,False
01_open_circuit_02.jpg,pytorch,8,False,4.726899991510436,7.1598000067751855,1.7809999990276992,40.32359999837354,40.72170000290498,40.72170000290498,,False
01_open_circuit_02.jpg,pytorch,9,False,4.734200017992407,7.219699997222051,1.7799999914132059,40.234999993117526,40.62809998868033,40.62809998868033,,False
01_open_circuit_02.jpg,pytorch,10,False,4.705400002421811,7.081799994921312,1.7985999875236303,40.1519000006374,40.535900014219806,40.535900014219806,,False
01_open_circuit_02.jpg,pytorch,11,False,4.873500001849607,7.652400003280491,1.7590999777894467,40.49559999839403,40.88340001180768,40.88340001180768,,False
01_open_circuit_02.jpg,pytorch,12,False,4.721000004792586,7.06129998434335,1.7039999947883189,40.00180002185516,40.426399995340034,40.426399995340034,,False
01_open_circuit_02.jpg,pytorch,13,False,4.710700013674796,6.95920002181083,1.65049999486655,39.90579998935573,40.28899999684654,40.28899999684654,,False
01_open_circuit_02.jpg,pytorch,14,False,4.638699989300221,7.190000003902242,1.8654000014066696,40.04309998708777,40.43910000473261,40.43910000473261,,False
01_open_circuit_02.jpg,pytorch,15,False,4.679399979067966,7.019899989245459,1.7071000183932483,39.254900009837,39.63709998060949,39.63709998060949,,False
01_open_circuit_02.jpg,pytorch,16,False,4.6870000078342855,7.380899973213673,1.7746000085026026,40.35700001986697,40.746099984971806,40.746099984971806,,False
01_open_circuit_02.jpg,pytorch,17,False,4.714899987448007,6.999300007009879,1.7067999870050699,40.00810001161881,40.41799998958595,40.41799998958595,,False
01_open_circuit_02.jpg,pytorch,18,False,4.677800025092438,7.1057000022847205,1.7263999907299876,39.888400002382696,40.28950000065379,40.28950000065379,,False
01_open_circuit_02.jpg,pytorch,19,False,4.825999989407137,6.923400011146441,1.7294999852310866,40.1490000076592,40.52730000694282,40.52730000694282,,False
01_short_02.jpg,pytorch,0,False,5.445299990242347,10.902299982262775,2.076899982057512,46.18730000220239,46.70740000437945,46.70740000437945,,False
01_short_02.jpg,pytorch,1,False,4.749499988975003,10.816599999088794,2.009799994993955,44.96690002270043,45.480100001441315,45.480100001441315,,False
01_short_02.jpg,pytorch,2,False,4.792499996256083,10.803999990457669,1.9608000002335757,44.207500002812594,44.71460002241656,44.71460002241656,,False
01_short_02.jpg,pytorch,3,False,4.7525000118184835,11.290599999483675,1.9984999962616712,44.69409998273477,45.20059999777004,45.20059999777004,,False
01_short_02.jpg,pytorch,4,False,4.76029998390004,10.884699993766844,2.016200014622882,46.30050002015196,46.80099998950027,46.80099998950027,,False
01_short_02.jpg,pytorch,5,False,4.805300006410107,10.816399997565895,1.9218000234104693,43.98089999449439,44.48960002628155,44.48960002628155,,False
01_short_02.jpg,pytorch,6,False,4.714600014267489,10.557300003711134,1.9121999794151634,43.543800013139844,44.07169998739846,44.07169998739846,,False
01_short_02.jpg,pytorch,7,False,4.800099995918572,10.440699988976121,1.8740000086836517,43.31269999966025,43.823700019856915,43.823700019856915,,False
01_short_02.jpg,pytorch,8,False,4.857699997955933,10.632999998051673,1.83269998524338,44.0445999847725,44.54560001613572,44.54560001613572,,False
01_short_02.jpg,pytorch,9,False,4.742699995404109,10.768900014227256,1.9641999970190227,44.366100017214194,44.90340000484139,44.90340000484139,,False
01_short_02.jpg,pytorch,10,False,4.743400000734255,11.309499997878447,2.0843000093009323,44.58929999964312,45.10119999758899,45.10119999758899,,False
01_short_02.jpg,pytorch,11,False,4.859200009377673,10.859600006369874,1.9804000039584935,45.14010000275448,45.654800022020936,45.654800022020936,,False
01_short_02.jpg,pytorch,12,False,4.830199992284179,10.804300021845847,1.9668999884743243,44.07179998815991,44.58129999693483,44.58129999693483,,False
01_short_02.jpg,pytorch,13,False,4.724500002339482,10.731700022006407,1.9663000130094588,44.091700023273006,44.60269998526201,44.60269998526201,,False
01_short_02.jpg,pytorch,14,False,4.7664000012446195,10.913999984040856,1.9705999875441194,43.900800024857745,44.410500006051734,44.410500006051734,,False
01_short_02.jpg,pytorch,15,False,4.723699996247888,10.91660000383854,1.9804000039584935,44.01690000668168,44.52799999853596,44.52799999853596,,False
01_short_02.jpg,pytorch,16,False,4.73519999650307,10.8440000039991,1.9847000075969845,44.15939998580143,44.66479999246076,44.66479999246076,,False
01_short_02.jpg,pytorch,17,False,4.931899980874732,10.822800017194822,1.9924000080209225,44.0791999862995,44.595699990168214,44.595699990168214,,False
01_short_02.jpg,pytorch,18,False,4.726499988464639,10.95359999453649,1.9732000073418021,43.58430000138469,44.10900000948459,44.10900000948459,,False
01_short_02.jpg,pytorch,19,False,4.716499999631196,10.925999988103285,1.9774000102188438,44.57800000091083,45.13220000080764,45.13220000080764,,False
04_missing_hole_04.jpg,pytorch,0,False,5.755800026236102,11.153700004797429,2.051000017672777,66.03180000092834,66.55200000386685,66.55200000386685,,False
04_missing_hole_04.jpg,pytorch,1,False,5.628000013530254,10.963400010950863,2.3179000127129257,58.344799996120855,58.85270002181642,58.85270002181642,,False
04_missing_hole_04.jpg,pytorch,2,False,8.753000001888722,9.696599998278543,2.6436999905854464,61.0512999992352,61.53100001392886,61.53100001392886,,False
04_missing_hole_04.jpg,pytorch,3,False,5.609000014374033,7.39620000240393,2.28760001482442,57.429299980867654,57.839600020088255,57.839600020088255,,False
04_missing_hole_04.jpg,pytorch,4,False,6.407699984265491,10.260999988531694,2.5052000128198415,58.24610000126995,58.884300000499934,58.884300000499934,,False
04_missing_hole_04.jpg,pytorch,5,False,5.059799994342029,7.393100007902831,2.3422999947797507,52.451199997449294,52.89059999631718,52.89059999631718,,False
04_missing_hole_04.jpg,pytorch,6,False,5.118400003993884,7.359600014751777,1.823099999455735,48.61279999022372,49.228499992750585,49.228499992750585,,False
04_missing_hole_04.jpg,pytorch,7,False,5.054700013715774,7.296700001461431,1.833299989812076,48.21999999694526,48.828600003616884,48.828600003616884,,False
04_missing_hole_04.jpg,pytorch,8,False,5.0623000133782625,7.257199991727248,1.7894999764394015,48.07220000657253,48.674499994376674,48.674499994376674,,False
04_missing_hole_04.jpg,pytorch,9,False,5.056599999079481,7.27030000416562,1.7933000053744763,47.98430000664666,48.58080000849441,48.58080000849441,,False
04_missing_hole_04.jpg,pytorch,10,False,5.123699986143038,7.142100017517805,1.7971000052057207,47.71220000111498,48.30359999323264,48.30359999323264,,False
04_missing_hole_04.jpg,pytorch,11,False,5.0725000037346035,7.244600012199953,1.809200010029599,47.96799999894574,48.5571000026539,48.5571000026539,,False
04_missing_hole_04.jpg,pytorch,12,False,5.261300015263259,10.86599999689497,1.9828000222332776,52.885099983541295,53.59880000469275,53.59880000469275,,False
04_missing_hole_04.jpg,pytorch,13,False,5.151399993337691,10.737400007201359,1.9876000005751848,51.55890001333319,52.263100020354614,52.263100020354614,,False
04_missing_hole_04.jpg,pytorch,14,False,5.068599974038079,11.17409998551011,1.9745999888982624,52.53929999889806,53.25279998942278,53.25279998942278,,False
04_missing_hole_04.jpg,pytorch,15,False,5.134500010171905,10.626999981468543,1.9533000013325363,51.09960000845604,51.8148000119254,51.8148000119254,,False
04_missing_hole_04.jpg,pytorch,16,False,5.3703000012319535,10.748500004410744,2.0130000193603337,51.87580001074821,52.61060001794249,52.61060001794249,,False
04_missing_hole_04.jpg,pytorch,17,False,5.0829999963752925,10.899699991568923,2.015399979427457,52.35240000183694,53.0741999973543,53.0741999973543,,False
04_missing_hole_04.jpg,pytorch,18,False,5.094199994346127,10.86019998183474,1.972999976715073,51.94550001760945,52.64749997877516,52.64749997877516,,False
04_missing_hole_04.jpg,pytorch,19,False,5.123300012201071,10.53130000946112,1.9441000185906887,51.754499989328906,52.50829999567941,52.50829999567941,,False
04_open_circuit_02.jpg,pytorch,0,False,5.248600005870685,10.832500003743917,2.1173999994061887,56.42849998548627,57.082499988609925,57.082499988609925,,False
04_open_circuit_02.jpg,pytorch,1,False,5.232600000454113,10.783800011267886,1.9862000190187246,51.89050000626594,52.72249999688938,52.72249999688938,,False
04_open_circuit_02.jpg,pytorch,2,False,5.680300004314631,10.863599978620186,2.008299983572215,53.52169999969192,54.218599980231375,54.218599980231375,,False
04_open_circuit_02.jpg,pytorch,3,False,5.115499981911853,10.883499984629452,2.003000001423061,51.916299998993054,52.601899980800226,52.601899980800226,,False
04_open_circuit_02.jpg,pytorch,4,False,5.171700002392754,10.740500001702458,1.9342000014148653,51.246499991975725,51.94350000238046,51.94350000238046,,False
04_open_circuit_02.jpg,pytorch,5,False,5.134500010171905,10.873199993511662,1.9369999936316162,51.93489999510348,52.655300009064376,52.655300009064376,,False
04_open_circuit_02.jpg,pytorch,6,False,5.147399991983548,10.639100015396252,1.8938000139314681,51.434599998174235,52.17869998887181,52.17869998887181,,False
04_open_circuit_02.jpg,pytorch,7,False,5.253400013316423,10.678200022084638,1.9870999967679381,51.97030000272207,52.67530001583509,52.67530001583509,,False
04_open_circuit_02.jpg,pytorch,8,False,5.151099991053343,10.764400009065866,1.9641999970190227,51.62479999125935,52.359199995407835,52.359199995407835,,False
04_open_circuit_02.jpg,pytorch,9,False,5.139499990036711,10.92830000561662,1.9582000095397234,51.53450000216253,52.24280001129955,52.24280001129955,,False
04_open_circuit_02.jpg,pytorch,10,False,5.11749999714084,10.715399985201657,1.933400024427101,51.45580001408234,52.184200001647696,52.184200001647696,,False
04_open_circuit_02.jpg,pytorch,11,False,5.189799994695932,10.479999997187406,1.8620000046212226,50.812500005122274,51.695500005735084,51.695500005735084,,False
04_open_circuit_02.jpg,pytorch,12,False,5.140599998412654,11.40529999975115,2.081799990264699,51.94390000542626,52.6425999996718,52.6425999996718,,False
04_open_circuit_02.jpg,pytorch,13,False,5.108900018967688,10.938199993688613,1.956299995072186,52.23070000647567,52.92640000698157,52.92640000698157,,False
04_open_circuit_02.jpg,pytorch,14,False,5.044499994255602,7.205400004750118,1.8146000220440328,51.93200000212528,52.608199999667704,52.608199999667704,,False
04_open_circuit_02.jpg,pytorch,15,False,5.237300007138401,7.00049998704344,1.7423999961465597,47.67400000127964,48.369299998739734,48.369299998739734,,False
04_open_circuit_02.jpg,pytorch,16,False,5.32050000037998,7.012599991867319,1.8136999860871583,47.724600008223206,48.392500000773,48.392500000773,,False
04_open_circuit_02.jpg,pytorch,17,False,5.241300008492544,6.984800013015047,1.8803999992087483,47.64689999865368,48.435900011099875,48.435900011099875,,False
04_open_circuit_02.jpg,pytorch,18,False,5.45230001443997,7.246099994517863,1.835499977460131,48.51409999537282,49.13280002074316,49.13280002074316,,False
04_open_circuit_02.jpg,pytorch,19,False,5.116199987241998,7.253000017954037,1.854400004958734,47.91379999369383,48.4977999876719,48.4977999876719,,False
04_open_circuit_03.jpg,pytorch,0,False,5.141500005265698,7.2583000001031905,1.8136000144295394,50.72470000595786,51.33280000882223,51.33280000882223,,False
04_open_circuit_03.jpg,pytorch,1,False,5.095900007290766,7.111100014299154,1.8011000065598637,47.85400000400841,48.504000005777925,48.504000005777925,,False
04_open_circuit_03.jpg,pytorch,2,False,5.140399996889755,7.0773000188637525,1.7580999992787838,47.649199987063184,48.29450001125224,48.29450001125224,,False
04_open_circuit_03.jpg,pytorch,3,False,5.344400007743388,7.1023000054992735,1.7961999983526766,47.354199981782585,47.96569998143241,47.96569998143241,,False
04_open_circuit_03.jpg,pytorch,4,False,5.167499999515712,7.138199987821281,1.7767000244930387,48.11829997925088,48.71679999632761,48.71679999632761,,False
04_open_circuit_03.jpg,pytorch,5,False,4.9882000021170825,6.834100000560284,1.7103000136557966,46.94000000017695,47.5948000093922,47.5948000093922,,False
04_open_circuit_03.jpg,pytorch,6,False,5.044999998062849,7.139499997720122,1.7485999851487577,47.54509998019785,48.15349998534657,48.15349998534657,,False
04_open_circuit_03.jpg,pytorch,7,False,5.169599986402318,7.036599999992177,1.7479000089224428,47.398800001246855,48.07340001570992,48.07340001570992,,False
04_open_circuit_03.jpg,pytorch,8,False,5.077400011941791,6.8817999854218215,1.6881999908946455,46.86019997461699,47.5080999894999,47.5080999894999,,False
04_open_circuit_03.jpg,pytorch,9,False,5.075799999758601,6.848600023658946,1.656999986153096,46.78130001411773,47.447699995245785,47.447699995245785,,False
04_open_circuit_03.jpg,pytorch,10,False,5.058500013547018,6.764899997506291,1.6233999922405928,46.429600013652816,47.100900002988055,47.100900002988055,,False
04_open_circuit_03.jpg,pytorch,11,False,5.114300001878291,6.741099990904331,1.656000007642433,46.792699984507635,47.43979999329895,47.43979999329895,,False
04_open_circuit_03.jpg,pytorch,12,False,5.492700001923367,7.261899998411536,1.7902000108733773,48.169200017582625,48.797199997352436,48.797199997352436,,False
04_open_circuit_03.jpg,pytorch,13,False,5.020099983084947,7.046300015645102,1.7709000094328076,47.09129998809658,47.73190000560135,47.73190000560135,,False
04_open_circuit_03.jpg,pytorch,14,False,5.352499982109293,7.175100006861612,1.8134999845642596,47.65309998765588,48.433000018121675,48.433000018121675,,False
04_open_circuit_03.jpg,pytorch,15,False,5.22709998767823,7.074199995258823,1.781500002834946,48.30799999763258,48.91650000354275,48.91650000354275,,False
04_open_circuit_03.jpg,pytorch,16,False,4.915400000754744,7.167900010244921,1.793200004613027,47.92410001391545,48.551199986832216,48.551199986832216,,False
04_open_circuit_03.jpg,pytorch,17,False,5.07449998985976,6.859600020106882,1.7164000018965453,47.24429998896085,47.884600004181266,47.884600004181266,,False
04_open_circuit_03.jpg,pytorch,18,False,5.09970000712201,6.853400002000853,1.6442000051029027,46.9061000039801,47.51840000972152,47.51840000972152,,False
04_open_circuit_03.jpg,pytorch,19,False,5.224399996222928,7.194900012109429,1.7767999961506575,47.79849998885766,48.435999982757494,48.435999982757494,,False
04_short_02.jpg,pytorch,0,False,5.278500000713393,10.984799999278039,2.13060001260601,56.685299990931526,57.42679999093525,57.42679999093525,,False
04_short_02.jpg,pytorch,1,False,5.110800004331395,10.8440000039991,2.0898999937344342,52.36699999659322,53.13069999101572,53.13069999101572,,False
04_short_02.jpg,pytorch,2,False,5.135899991728365,10.883400012971833,1.9911999988835305,51.90389999188483,52.62819997733459,52.62819997733459,,False
04_short_02.jpg,pytorch,3,False,5.122300004586577,10.792799992486835,1.9803000031970441,51.61860000225715,52.31529998127371,52.31529998127371,,False
04_short_02.jpg,pytorch,4,False,5.209099996136501,10.65559999551624,1.9598000217229128,51.514499995391816,52.21599998185411,52.21599998185411,,False
04_short_02.jpg,pytorch,5,False,5.827899993164465,11.041499994462356,2.1123999904375523,52.831699984380975,53.46969998208806,53.46969998208806,,False
04_short_02.jpg,pytorch,6,False,5.36329997703433,10.526600002776831,1.9446000223979354,52.37049999414012,53.09000000124797,53.09000000124797,,False
04_short_02.jpg,pytorch,7,False,5.267400003504008,10.835799999767914,1.9831999961752445,51.85200000414625,52.544400008628145,52.544400008628145,,False
04_short_02.jpg,pytorch,8,False,5.323000019416213,11.107099999208003,2.06389999948442,52.78120000730269,53.482399991480634,53.482399991480634,,False
04_short_02.jpg,pytorch,9,False,5.080200004158542,7.1127999981399626,1.7205000040121377,47.401499992702156,48.016700020525604,48.016700020525604,,False
04_short_02.jpg,pytorch,10,False,5.030700005590916,7.14579998748377,1.7217000131495297,47.80989998835139,48.404800007119775,48.404800007119775,,False
04_short_02.jpg,pytorch,11,False,5.121099995449185,7.200399995781481,1.8045000033453107,47.73170000407845,48.33540000254288,48.33540000254288,,False
04_short_02.jpg,pytorch,12,False,5.096100008813664,7.226300018373877,1.7860000079963356,47.93580001569353,48.52870001923293,48.52870001923293,,False
04_short_02.jpg,pytorch,13,False,5.105999996885657,7.048100000247359,1.7573999939486384,47.41090000607073,48.009299993282184,48.009299993282184,,False
04_short_02.jpg,pytorch,14,False,5.1210000237915665,7.2475000051781535,1.793500006897375,47.952699998859316,48.60259999986738,48.60259999986738,,False
04_short_02.jpg,pytorch,15,False,5.062099982751533,7.276500022271648,1.9548000127542764,48.17840000032447,48.79229998914525,48.79229998914525,,False
04_short_02.jpg,pytorch,16,False,5.356499983463436,7.2407000116072595,1.8971000099554658,48.366199975134805,49.03080000076443,49.03080000076443,,False
04_short_02.jpg,pytorch,17,False,5.186900001717731,7.475899998098612,1.8389000033494085,48.293700005160645,48.88739998568781,48.88739998568781,,False
04_short_02.jpg,pytorch,18,False,5.142899986822158,7.030600012512878,1.7308999958913773,47.450399986701086,48.05250000208616,48.05250000208616,,False
04_short_02.jpg,pytorch,19,False,5.140699999174103,7.214500015834346,1.7857000057119876,48.03209999226965,48.63790000672452,48.63790000672452,,False
04_short_03.jpg,pytorch,0,False,5.150299984961748,9.072499989997596,1.9995000038761646,56.34060001466423,57.01660001068376,57.01660001068376,,False
04_short_03.jpg,pytorch,1,False,5.067400023108348,8.83790000807494,1.9509000121615827,49.70309999771416,50.40740000549704,50.40740000549704,,False
04_short_03.jpg,pytorch,2,False,5.106900003738701,8.972300012828782,1.9492999999783933,50.17709999810904,50.87070001172833,50.87070001172833,,False
04_short_03.jpg,pytorch,3,False,5.126699979882687,8.905199996661395,1.9074000010732561,49.785600014729425,50.487899978179485,50.487899978179485,,False
04_short_03.jpg,pytorch,4,False,5.097200017189607,8.741899975575507,1.8440999847371131,49.18650002218783,49.89199998090044,49.89199998090044,,False
04_short_03.jpg,pytorch,5,False,5.032699991716072,8.952000003773719,1.894199987873435,49.64399998425506,50.32850001589395,50.32850001589395,,False
04_short_03.jpg,pytorch,6,False,5.079800001112744,8.992799994302914,1.9113000016659498,49.80259999865666,50.504199985880405,50.504199985880405,,False
04_short_03.jpg,pytorch,7,False,5.194099998334423,9.128400008194149,2.010700001846999,50.62370002269745,51.30339998868294,51.30339998868294,,False
04_short_03.jpg,pytorch,8,False,5.230600014328957,8.975799981271848,1.9195000058971345,49.758900015149266,50.45890001929365,50.45890001929365,,False
04_short_03.jpg,pytorch,9,False,5.194299999857321,8.874499995727092,1.9296999962534755,49.85120001947507,50.569199986057356,50.569199986057356,,False
04_short_03.jpg,pytorch,10,False,5.084700009319931,9.008900000480935,1.9542000081855804,50.505799998063594,51.20079999323934,51.20079999323934,,False
04_short_03.jpg,pytorch,11,False,5.077699985122308,9.005600004456937,1.9053000141866505,49.83510001329705,50.52819999400526,50.52819999400526,,False
04_short_03.jpg,pytorch,12,False,5.120000016177073,8.981200022390112,1.9125000108033419,49.89120000391267,50.58170002303086,50.58170002303086,,False
04_short_03.jpg,pytorch,13,False,5.108899989863858,8.866100019076839,1.9037000020034611,50.075900013325736,50.78319998574443,50.78319998574443,,False
04_short_03.jpg,pytorch,14,False,5.054200009908527,8.916699996916577,1.9237000087741762,49.745700001949444,50.43209998984821,50.43209998984821,,False
04_short_03.jpg,pytorch,15,False,5.171700002392754,8.947099995566532,1.9379000004846603,49.997599999187514,50.70910000358708,50.70910000358708,,False
04_short_03.jpg,pytorch,16,False,5.054999986896291,8.995300013339147,1.9264000002294779,49.83209999045357,50.51800000364892,50.51800000364892,,False
04_short_03.jpg,pytorch,17,False,5.0718999991659075,9.279599995352328,1.9365999905858189,50.23429999710061,50.926500000059605,50.926500000059605,,False
04_short_03.jpg,pytorch,18,False,5.1753000007011,9.023699996760115,1.9663000130094588,50.48730000271462,51.20720001286827,51.20720001286827,,False
04_short_03.jpg,pytorch,19,False,5.180300009669736,8.920299995224923,1.9081000064034015,49.89630001364276,50.6382999883499,50.6382999883499,,False
05_open_circuit_03.jpg,pytorch,0,False,5.31160001992248,7.201800006441772,1.804900006391108,45.540999999502674,46.145200001774356,46.145200001774356,,False
05_open_circuit_03.jpg,pytorch,1,False,4.945900000166148,7.1161999949254096,1.5991000109352171,38.27689998433925,38.805500022135675,38.805500022135675,,False
05_open_circuit_03.jpg,pytorch,2,False,4.993699985789135,7.022400008281693,1.5491000085603446,37.82510000746697,38.384500017855316,38.384500017855316,,False
05_open_circuit_03.jpg,pytorch,3,False,4.941999999573454,7.049200008623302,1.564900012454018,37.83699998166412,38.3707000000868,38.3707000000868,,False
05_open_circuit_03.jpg,pytorch,4,False,4.957499972078949,7.028599997283891,1.56460001016967,38.71029999572784,39.23829999985173,39.23829999985173,,False
05_open_circuit_03.jpg,pytorch,5,False,4.987699998309836,7.055199996102601,1.5653999871574342,37.90660001686774,38.433500012615696,38.433500012615696,,False
05_open_circuit_03.jpg,pytorch,6,False,4.9912999966181815,7.058499992126599,1.5625999949406832,37.82840000349097,38.34990001632832,38.34990001632832,,False
05_open_circuit_03.jpg,pytorch,7,False,4.977200005669147,7.045400008792058,1.6273999935947359,38.07409998262301,38.65790000418201,38.65790000418201,,False
05_open_circuit_03.jpg,pytorch,8,False,4.967099986970425,7.122000009985641,1.5696000191383064,38.287000003037974,38.815799984149635,38.815799984149635,,False
05_open_circuit_03.jpg,pytorch,9,False,4.963500017765909,6.934700009878725,1.5429999912157655,37.846899998839945,38.3678000071086,38.3678000071086,,False
05_open_circuit_03.jpg,pytorch,10,False,4.947700013872236,7.443000009516254,1.6878999886102974,38.29550000955351,38.823200011393055,38.823200011393055,,False
05_open_circuit_03.jpg,pytorch,11,False,5.05970002268441,7.064099976560101,1.5679000061936677,38.13390000141226,38.64449998945929,38.64449998945929,,False
05_open_circuit_03.jpg,pytorch,12,False,4.991099995095283,7.008299988228828,1.5708999999333173,37.966700008837506,38.50349999265745,38.50349999265745,,False
05_open_circuit_03.jpg,pytorch,13,False,4.938500002026558,7.041900011245161,1.5575999859720469,37.82200001296587,38.353600015398115,38.353600015398115,,False
05_open_circuit_03.jpg,pytorch,14,False,4.974099982064217,6.994499999564141,1.6227999876718968,38.13989998889156,38.67150002042763,38.67150002042763,,False
05_open_circuit_03.jpg,pytorch,15,False,4.942900006426498,7.0801000110805035,1.5496000123675913,37.928400008240715,38.45089999958873,38.45089999958873,,False
05_open_circuit_03.jpg,pytorch,16,False,4.966500011505559,7.047199993394315,1.6324000025633723,37.84710000036284,38.343099993653595,38.343099993653595,,False
05_open_circuit_03.jpg,pytorch,17,False,4.941599996527657,6.993299990426749,1.5301000094041228,37.597999995341524,38.14859999692999,38.14859999692999,,False
05_open_circuit_03.jpg,pytorch,18,False,5.007300002034754,6.989300018176436,1.5564000059384853,38.06969997822307,38.59549999469891,38.59549999469891,,False
05_open_circuit_03.jpg,pytorch,19,False,4.978699987987056,6.912100012414157,1.5020999999251217,37.77790002641268,38.31879998324439,38.31879998324439,,False
05_open_circuit_04.jpg,pytorch,0,False,5.149199976585805,8.833900006720796,1.7782000068109483,47.920300014084205,48.560399998677894,48.560399998677894,,False
05_open_circuit_04.jpg,pytorch,1,False,5.056099995272234,8.822100004181266,1.7040000238921493,40.256000007502735,40.90540000470355,40.90540000470355,,False
05_open_circuit_04.jpg,pytorch,2,False,4.9504999769851565,8.769800013396889,1.7066999862436205,40.7662000216078,41.44090000772849,41.44090000772849,,False
05_open_circuit_04.jpg,pytorch,3,False,5.079700000351295,8.716000011190772,1.6886000230442733,40.05929999402724,40.78969999682158,40.78969999682158,,False
05_open_circuit_04.jpg,pytorch,4,False,5.0755999982357025,8.831700019072741,1.714799989713356,40.61970001203008,41.29249998368323,41.29249998368323,,False
05_open_circuit_04.jpg,pytorch,5,False,4.945799999404699,8.694599993759766,1.7409000138286501,39.93609998724423,40.59430002234876,40.59430002234876,,False
05_open_circuit_04.jpg,pytorch,6,False,5.025799997383729,8.776300004683435,1.703000016277656,40.03900001407601,40.71919998386875,40.71919998386875,,False
05_open_circuit_04.jpg,pytorch,7,False,4.938400001265109,8.682999992743134,1.716900005703792,39.65029999380931,40.321200009202585,40.321200009202585,,False
05_open_circuit_04.jpg,pytorch,8,False,5.0715999968815595,8.87779999175109,1.7370999848935753,40.910899988375604,41.58700001426041,41.58700001426041,,False
05_open_circuit_04.jpg,pytorch,9,False,4.946800007019192,8.705299987923354,1.7297999875154346,39.90649999468587,40.530199999921024,40.530199999921024,,False
05_open_circuit_04.jpg,pytorch,10,False,4.936500015901402,8.769400010351092,1.7462999967392534,39.92479998851195,40.56439999840222,40.56439999840222,,False
05_open_circuit_04.jpg,pytorch,11,False,4.952399991452694,8.744899998418987,1.6772000235505402,39.697400003205985,40.39760000887327,40.39760000887327,,False
05_open_circuit_04.jpg,pytorch,12,False,4.958000004990026,8.740399993257597,1.6900000046007335,39.635199995245785,40.30399999464862,40.30399999464862,,False
05_open_circuit_04.jpg,pytorch,13,False,5.128699995111674,8.7311000097543,1.6889000253286213,40.132800000719726,40.764099976513535,40.764099976513535,,False
05_open_circuit_04.jpg,pytorch,14,False,4.937099991366267,8.84379999479279,1.744699984556064,39.85469997860491,40.510899998480454,40.510899998480454,,False
05_open_circuit_04.jpg,pytorch,15,False,4.965000000083819,8.811600011540577,1.7044999985955656,39.716800005408004,40.45710002537817,40.45710002537817,,False
05_open_circuit_04.jpg,pytorch,16,False,5.08780000382103,8.95920000039041,1.722400018479675,40.444199985358864,41.28450001007877,41.28450001007877,,False
05_open_circuit_04.jpg,pytorch,17,False,5.574299982981756,8.861300011631101,1.7468000005465,40.9429999999702,41.76339998957701,41.76339998957701,,False
05_open_circuit_04.jpg,pytorch,18,False,5.031399981817231,8.766099985223264,1.777500001480803,40.26070001418702,41.032300010556355,41.032300010556355,,False
05_open_circuit_04.jpg,pytorch,19,False,5.0389000098221,8.775700000114739,1.7405000107828528,40.10690000723116,40.87849997449666,40.87849997449666,,False
05_open_circuit_06.jpg,pytorch,0,False,5.068999977083877,8.98439998854883,1.788900000974536,46.68379999930039,47.284500004025176,47.284500004025176,,False
05_open_circuit_06.jpg,pytorch,1,False,5.068900005426258,8.715899981325492,1.7103000136557966,40.003900008741766,40.69239998352714,40.69239998352714,,False
05_open_circuit_06.jpg,pytorch,2,False,4.964199993992224,8.805499994195998,1.697999978205189,40.13249999843538,40.79099997761659,40.79099997761659,,False
05_open_circuit_06.jpg,pytorch,3,False,4.945699998643249,8.68369999807328,1.7324000073131174,39.87769997911528,40.53850000491366,40.53850000491366,,False
05_open_circuit_06.jpg,pytorch,4,False,4.940799990436062,8.962399995652959,1.6878999886102974,40.19030000199564,40.90449999785051,40.90449999785051,,False
05_open_circuit_06.jpg,pytorch,5,False,5.173199984710664,8.986300003016368,1.7654999974183738,40.95470000174828,41.58260000986047,41.58260000986047,,False
05_open_circuit_06.jpg,pytorch,6,False,5.204999994020909,8.983799983980134,1.7297000158578157,41.07179999118671,41.70160001376644,41.70160001376644,,False
05_open_circuit_06.jpg,pytorch,7,False,4.984599974704906,8.871400001225993,1.7525999865029007,40.15489999437705,40.811599988956004,40.811599988956004,,False
05_open_circuit_06.jpg,pytorch,8,False,4.972599999746308,8.749700005864725,1.7120999982580543,40.19620001781732,40.9057000069879,40.9057000069879,,False
05_open_circuit_06.jpg,pytorch,9,False,4.958700010320172,8.743399986997247,1.7011000018101186,39.832299982663244,40.488400001777336,40.488400001777336,,False
05_open_circuit_06.jpg,pytorch,10,False,5.197999998927116,8.919799991417676,1.7378000193275511,40.9427999984473,41.664999997010455,41.664999997010455,,False
05_open_circuit_06.jpg,pytorch,11,False,4.988100001355633,8.77099999343045,1.6835000133141875,39.959700021427125,40.6141999992542,40.6141999992542,,False
05_open_circuit_06.jpg,pytorch,12,False,4.935799981467426,8.847499993862584,1.6717000107746571,39.65619998052716,40.36189999897033,40.36189999897033,,False
05_open_circuit_06.jpg,pytorch,13,False,4.943499981891364,8.846400014590472,1.70240001170896,39.70160000608303,40.36429998814128,40.36429998814128,,False
05_open_circuit_06.jpg,pytorch,14,False,4.940199985867366,8.956600009696558,1.7143000150099397,40.13239999767393,40.804099990054965,40.804099990054965,,False
05_open_circuit_06.jpg,pytorch,15,False,5.053600005339831,8.85389998438768,1.6897000023163855,39.9838000012096,40.67750001559034,40.67750001559034,,False
05_open_circuit_06.jpg,pytorch,16,False,4.99450002098456,8.916599996155128,1.6860000032465905,40.162699995562434,40.83009998430498,40.83009998430498,,False
05_open_circuit_06.jpg,pytorch,17,False,5.294700007652864,9.089400002267212,2.1105000050738454,41.6749999858439,42.27169998921454,42.27169998921454,,False
05_open_circuit_06.jpg,pytorch,18,False,5.006799998227507,8.774399990215898,1.7068999877665192,39.95479998411611,40.572800004156306,40.572800004156306,,False
05_open_circuit_06.jpg,pytorch,19,False,5.044399993494153,8.816399989882484,1.6874000139068812,39.91570000653155,40.52599999704398,40.52599999704398,,False
05_short_03.jpg,pytorch,0,False,5.111200007377192,8.88079998549074,1.7475999775342643,43.90269998111762,44.52799999853596,44.52799999853596,,False
05_short_03.jpg,pytorch,1,False,5.037900002207607,8.677000005263835,1.6857000009622425,40.1480000000447,40.767200000118464,40.767200000118464,,False
05_short_03.jpg,pytorch,2,False,4.97369997901842,8.657700003823265,1.6921999922487885,39.93070000433363,40.551000012783334,40.551000012783334,,False
05_short_03.jpg,pytorch,3,False,5.502300016814843,8.811700012302026,1.7540999979246408,40.35440000006929,40.95870000310242,40.95870000310242,,False
05_short_03.jpg,pytorch,4,False,5.008300009649247,8.734500006539747,1.7084999999497086,40.021900000283495,40.632199990795925,40.632199990795925,,False
05_short_03.jpg,pytorch,5,False,5.116299988003448,8.872399979736656,1.774700009264052,40.19900001003407,40.80240000621416,40.80240000621416,,False
05_short_03.jpg,pytorch,6,False,4.954299976816401,8.842900017043576,1.727099996060133,39.964199997484684,40.59350001625717,40.59350001625717,,False
05_short_03.jpg,pytorch,7,False,4.968399996869266,8.924499998101965,1.7318000027444214,40.3472000034526,40.96809998736717,40.96809998736717,,False
05_short_03.jpg,pytorch,8,False,4.993999988073483,8.813899999950081,1.719000021694228,40.03629999351688,40.65329997683875,40.65329997683875,,False
05_short_03.jpg,pytorch,9,False,4.964199993992224,8.851399994455278,1.7197000270243734,39.91190000670031,40.53689999273047,40.53689999273047,,False
05_short_03.jpg,pytorch,10,False,5.048599996371195,8.815000008326024,1.7325000080745667,39.870799984782934,40.5081000062637,40.5081000062637,,False
05_short_03.jpg,pytorch,11,False,4.972499998984858,8.781199983786792,1.7257999861612916,39.85209998791106,40.46840002411045,40.46840002411045,,False
05_short_03.jpg,pytorch,12,False,4.96779999230057,8.682899991981685,1.69500001356937,39.72669999348,40.341899992199615,40.341899992199615,,False
05_short_03.jpg,pytorch,13,False,4.959200014127418,8.974500000476837,1.7102000128943473,40.172900015022606,40.795300010358915,40.795300010358915,,False
05_short_03.jpg,pytorch,14,False,4.975700023351237,8.71930000721477,1.8251999863423407,39.93329999502748,40.51150000304915,40.51150000304915,,False
05_short_03.jpg,pytorch,15,False,4.959499987307936,8.779700001468882,1.6925999952945858,39.69509998569265,40.32920001191087,40.32920001191087,,False
05_short_03.jpg,pytorch,16,False,4.984899976989254,9.038599993800744,2.0200000144541264,40.7128999941051,41.33210002328269,41.33210002328269,,False
05_short_03.jpg,pytorch,17,False,5.0205999868921936,8.957100013503805,1.717899984214455,40.29689999879338,40.922700020018965,40.922700020018965,,False
05_short_03.jpg,pytorch,18,False,4.962999984854832,8.745500002987683,1.7281000036746264,39.9187000002712,40.53530000965111,40.53530000965111,,False
05_short_03.jpg,pytorch,19,False,5.032500019297004,8.82580000325106,1.6912999853957444,40.02400001627393,40.65409998293035,40.65409998293035,,False
05_short_04.jpg,pytorch,0,False,5.154200014658272,7.201000000350177,1.6156999918166548,41.27129999687895,41.79350001504645,41.79350001504645,,False
05_short_04.jpg,pytorch,1,False,4.936300014378503,7.1081999922171235,1.6166999994311482,38.31889998400584,39.03839999111369,39.03839999111369,,False
05_short_04.jpg,pytorch,2,False,5.030900007113814,7.258700003148988,1.608500024303794,38.38790001464076,38.91839997959323,38.91839997959323,,False
05_short_04.jpg,pytorch,3,False,5.008200008887798,7.141499983845279,1.5953999827615917,38.226100004976615,38.75979999429546,38.75979999429546,,False
05_short_04.jpg,pytorch,4,False,4.952499992214143,7.083400007104501,1.5505000192206353,38.0390000063926,38.58409999520518,38.58409999520518,,False
05_short_04.jpg,pytorch,5,False,5.057500005932525,7.147399999666959,1.5665999962948263,38.177899987204,38.73490000842139,38.73490000842139,,False
05_short_04.jpg,pytorch,6,False,4.968799999915063,7.070699997711927,1.568300009239465,38.07680000318214,38.572999997995794,38.572999997995794,,False
05_short_04.jpg,pytorch,7,False,4.995399998733774,7.070099993143231,1.5702000237070024,37.987600022461265,38.57639999478124,38.57639999478124,,False
05_short_04.jpg,pytorch,8,False,4.95890001184307,7.001299993135035,1.6525000100955367,38.1381000042893,38.78519998397678,38.78519998397678,,False
05_short_04.jpg,pytorch,9,False,5.168500007130206,7.267600012710318,1.622100011445582,39.01090001454577,39.52200000640005,39.52200000640005,,False
05_short_04.jpg,pytorch,10,False,5.1503999857231975,7.161800022004172,1.630100014153868,38.651400012895465,39.21519999857992,39.21519999857992,,False
05_short_04.jpg,pytorch,11,False,4.858800006331876,7.0866000023670495,1.6116999904625118,37.984700000379235,38.58719998970628,38.58719998970628,,False
05_short_04.jpg,pytorch,12,False,4.907700000330806,7.015000010142103,1.5736000204924494,37.90729999309406,38.48879999713972,38.48879999713972,,False
05_short_04.jpg,pytorch,13,False,4.908099974272773,7.087299978593364,1.5657999902032316,37.95920000993647,38.6374999943655,38.6374999943655,,False
05_short_04.jpg,pytorch,14,False,5.072499974630773,10.533499997109175,1.8130999815184623,42.167100007645786,42.932999989716336,42.932999989716336,,False
05_short_04.jpg,pytorch,15,False,5.05219999467954,10.742899990873411,1.7780000052880496,41.83139998349361,42.54000002401881,42.54000002401881,,False
05_short_04.jpg,pytorch,16,False,5.007700005080551,11.016300006303936,1.7866999842226505,42.52200000337325,43.167399999219924,43.167399999219924,,False
05_short_04.jpg,pytorch,17,False,5.126699979882687,10.810500010848045,1.8854000081773847,42.24010001053102,42.89390001213178,42.89390001213178,,False
05_short_04.jpg,pytorch,18,False,5.017799994675443,10.921400011284277,1.9184999982826412,42.43899998255074,43.08380000293255,43.08380000293255,,False
05_short_04.jpg,pytorch,19,False,5.046799982665107,10.721700004069135,1.7957999953068793,42.51269999076612,43.15770001267083,43.15770001267083,,False
05_short_06.jpg,pytorch,0,False,5.258599994704127,7.2496999928262085,1.6266999882645905,41.57629999099299,42.103599989786744,42.103599989786744,,False
05_short_06.jpg,pytorch,1,False,5.232100025750697,7.260299986228347,1.63870002143085,39.21849999460392,39.74390000803396,39.74390000803396,,False
05_short_06.jpg,pytorch,2,False,4.954100004397333,7.070799998473376,1.5510999946855009,38.09509999700822,38.63830000045709,38.63830000045709,,False
05_short_06.jpg,pytorch,3,False,5.310599983204156,7.198900013463572,1.6530000139027834,38.578699983190745,39.121100009651855,39.121100009651855,,False
05_short_06.jpg,pytorch,4,False,5.043099983595312,7.136000000173226,1.6198000230360776,38.5009000019636,39.29210000205785,39.29210000205785,,False
05_short_06.jpg,pytorch,5,False,4.983899998478591,7.0553999976255,1.5776999935042113,38.10249999514781,38.64480002084747,38.64480002084747,,False
05_short_06.jpg,pytorch,6,False,4.965400003129616,7.001700025284663,1.56309999874793,37.780100014060736,38.358000019798055,38.358000019798055,,False
05_short_06.jpg,pytorch,7,False,4.911199997877702,7.046999991871417,1.521999976830557,37.75759998825379,38.352200004737824,38.352200004737824,,False
05_short_06.jpg,pytorch,8,False,4.908000002615154,6.999899982474744,1.5693999885115772,37.68559999298304,38.20750000886619,38.20750000886619,,False
05_short_06.jpg,pytorch,9,False,4.917499987641349,6.9494000053964555,1.5310000162571669,37.66959998756647,38.23609999381006,38.23609999381006,,False
05_short_06.jpg,pytorch,10,False,4.9254999903496355,7.065299985697493,1.6049999976530671,37.74800000246614,38.30960000050254,38.30960000050254,,False
05_short_06.jpg,pytorch,11,False,4.9340999976266176,6.868399999802932,1.570199994603172,37.720699998317286,38.29500000574626,38.29500000574626,,False
05_short_06.jpg,pytorch,12,False,4.883500019786879,6.996399984927848,1.5340999816544354,37.682199996197596,38.244100025622174,38.244100025622174,,False
05_short_06.jpg,pytorch,13,False,4.936799989081919,6.966299988562241,1.5511999954469502,37.92140001314692,38.49599999375641,38.49599999375641,,False
05_short_06.jpg,pytorch,14,False,5.216700024902821,6.977899989578873,1.5610000118613243,38.078099983977154,38.752000022213906,38.752000022213906,,False
05_short_06.jpg,pytorch,15,False,5.059600021922961,6.906800001161173,1.5352999907918274,38.25240000151098,38.869300013175234,38.869300013175234,,False
05_short_06.jpg,pytorch,16,False,5.05959999281913,7.09840000490658,1.5934999973978847,38.1696000113152,38.72599999886006,38.72599999886006,,False
05_short_06.jpg,pytorch,17,False,5.333600012818351,7.043399993563071,1.6000000177882612,38.87329998542555,39.44429999683052,39.44429999683052,,False
05_short_06.jpg,pytorch,18,False,4.970499983755872,7.087299978593364,1.5993999841157347,38.07720000622794,38.63570000976324,38.63570000976324,,False
05_short_06.jpg,pytorch,19,False,4.9767000018619,6.877300009364262,1.485500019043684,38.01449999446049,38.57010000501759,38.57010000501759,,False
07_missing_hole_03.jpg,pytorch,0,False,4.737599985674024,11.317500000586733,2.765499986708164,45.00790001475252,45.692000014241785,45.692000014241785,,False
07_missing_hole_03.jpg,pytorch,1,False,4.790400009369478,7.264599989866838,1.6561999800615013,38.08329999446869,38.63530000671744,38.63530000671744,,False
07_missing_hole_03.jpg,pytorch,2,False,4.5624999911524355,7.236300007207319,1.655400003073737,37.17359999427572,37.73169999476522,37.73169999476522,,False
07_missing_hole_03.jpg,pytorch,3,False,4.5378000068012625,6.990699999732897,1.5467999910470098,36.624400003347546,37.32859998126514,37.32859998126514,,False
07_missing_hole_03.jpg,pytorch,4,False,4.537399974651635,7.067600003210828,1.6085999959614128,36.642499995650724,37.199299986241385,37.199299986241385,,False
07_missing_hole_03.jpg,pytorch,5,False,4.564500006381422,6.8697000097017735,1.5792000049259514,36.39870000188239,36.981300014304,36.981300014304,,False
07_missing_hole_03.jpg,pytorch,6,False,4.53669999842532,7.063600001856685,1.609399972949177,36.57349999411963,37.14189998572692,37.14189998572692,,False
07_missing_hole_03.jpg,pytorch,7,False,4.559900000458583,6.8644999992102385,1.5581999905407429,36.408099986147135,36.9531000033021,36.9531000033021,,False
07_missing_hole_03.jpg,pytorch,8,False,4.543899995042011,7.059600000502542,1.6000000177882612,36.58519999589771,37.1537999890279,37.1537999890279,,False
07_missing_hole_03.jpg,pytorch,9,False,4.572100006043911,6.8177999928593636,1.5391999913845211,36.33080000872724,36.908899986883625,36.908899986883625,,False
07_missing_hole_03.jpg,pytorch,10,False,4.592599987518042,7.076500012772158,1.585599995451048,36.76019998965785,37.46950000640936,37.46950000640936,,False
07_missing_hole_03.jpg,pytorch,11,False,4.599399981088936,7.124199997633696,1.7875999910756946,36.949000001186505,37.51729999203235,37.51729999203235,,False
07_missing_hole_03.jpg,pytorch,12,False,4.562000016449019,7.176399987656623,1.6550000000279397,36.991800006944686,37.54179997486062,37.54179997486062,,False
07_missing_hole_03.jpg,pytorch,13,False,4.580600012559444,6.7860000126529485,1.5476999979000539,36.411300010513514,37.04750002361834,37.04750002361834,,False
07_missing_hole_03.jpg,pytorch,14,False,4.558100015856326,7.06129998434335,1.6070999845396727,36.762300005648285,37.32709999894723,37.32709999894723,,False
07_missing_hole_03.jpg,pytorch,15,False,4.5652999833691865,6.989000015892088,1.5882000152487308,36.53820001636632,37.10489999502897,37.10489999502897,,False
07_missing_hole_03.jpg,pytorch,16,False,4.533899977104738,6.882799993036315,1.5941000019665807,36.27419998520054,36.88040000270121,36.88040000270121,,False
07_missing_hole_03.jpg,pytorch,17,False,4.574999999022111,6.8718999973498285,1.5534999838564545,36.32749998359941,36.93500001099892,36.93500001099892,,False
07_missing_hole_03.jpg,pytorch,18,False,4.5449000026565045,7.016300020040944,1.5888000198174268,36.32710000965744,36.88310002326034,36.88310002326034,,False
07_missing_hole_03.jpg,pytorch,19,False,4.584799986332655,6.841099995654076,1.6005999932531267,36.35160002158955,37.02949997386895,37.02949997386895,,False
09_open_circuit_05.jpg,pytorch,0,False,5.039100011344999,10.951699980068952,1.8547999789007008,50.982899992959574,51.66480000480078,51.66480000480078,,False
09_open_circuit_05.jpg,pytorch,1,False,4.889599978923798,10.652199998730794,1.8104000191669911,44.27620000205934,45.02309998497367,45.02309998497367,,False
09_open_circuit_05.jpg,pytorch,2,False,4.989499982912093,10.576300002867356,1.9401000172365457,43.866799998795614,44.52659998787567,44.52659998787567,,False
09_open_circuit_05.jpg,pytorch,3,False,4.9217999912798405,10.68100001430139,1.837400021031499,43.841400009114295,44.50940000242554,44.50940000242554,,False
09_open_circuit_05.jpg,pytorch,4,False,4.891100019449368,10.50170001690276,1.782100007403642,43.512300006113946,44.24540000036359,44.24540000036359,,False
09_open_circuit_05.jpg,pytorch,5,False,5.020899989176542,10.845900018466637,1.8521000165492296,45.65409998758696,46.340700006112456,46.340700006112456,,False
09_open_circuit_05.jpg,pytorch,6,False,4.99300000956282,10.78620000043884,1.8170999828726053,44.65580001124181,45.30290002003312,45.30290002003312,,False
09_open_circuit_05.jpg,pytorch,7,False,4.9331999907735735,10.844299977179617,1.8395000079181045,44.20759997447021,44.84809999121353,44.84809999121353,,False
09_open_circuit_05.jpg,pytorch,8,False,5.025499995099381,11.093600012827665,1.951900019776076,45.13310000766069,45.719899993855506,45.719899993855506,,False
09_open_circuit_05.jpg,pytorch,9,False,4.974199982825667,10.851600003661588,1.8124000052921474,44.091999996453524,44.7619000042323,44.7619000042323,,False
09_open_circuit_05.jpg,pytorch,10,False,4.924199980450794,10.85869999951683,1.8276000046171248,44.08630001125857,44.783899997128174,44.783899997128174,,False
09_open_circuit_05.jpg,pytorch,11,False,4.908300004899502,10.964699991745874,1.8225000239908695,44.15569998673163,44.84799999045208,44.84799999045208,,False
09_open_circuit_05.jpg,pytorch,12,False,4.890600015642121,10.894700011704117,1.8266999977640808,43.99149998789653,44.645799993304536,44.645799993304536,,False
09_open_circuit_05.jpg,pytorch,13,False,4.987299995264038,10.530200001085177,1.7694999987725168,43.48610001034103,44.17860001558438,44.17860001558438,,False
09_open_circuit_05.jpg,pytorch,14,False,4.975799995008856,10.810099978698418,1.8927000055555254,43.67599997203797,44.32270000688732,44.32270000688732,,False
09_open_circuit_05.jpg,pytorch,15,False,4.981500009307638,10.860600013984367,1.8136000144295394,43.910900014452636,44.595600018510595,44.595600018510595,,False
09_open_circuit_05.jpg,pytorch,16,False,4.969900008291006,10.860600013984367,1.812300004530698,44.051800010493025,44.70109997782856,44.70109997782856,,False
09_open_circuit_05.jpg,pytorch,17,False,5.101299990201369,10.988199996063486,1.8128000083379447,45.6211999990046,46.28710000542924,46.28710000542924,,False
09_open_circuit_05.jpg,pytorch,18,False,4.96790002216585,10.577600012766197,1.8053000094369054,43.60460001043975,44.26709999097511,44.26709999097511,,False
09_open_circuit_05.jpg,pytorch,19,False,4.946099972585216,10.739599994849414,1.9093999871984124,44.2373999976553,44.90269999951124,44.90269999951124,,False
09_short_05.jpg,pytorch,0,False,5.0407000235281885,7.1260999829974025,1.6052999999374151,46.40700001618825,46.96579999290407,46.96579999290407,,False
09_short_05.jpg,pytorch,1,False,4.861599998548627,7.079799979692325,1.6229999891947955,39.97209999943152,40.52320000482723,40.52320000482723,,False
09_short_05.jpg,pytorch,2,False,4.907499998807907,6.940199993550777,1.5611999842803925,39.82810000889003,40.390700014540926,40.390700014540926,,False
09_short_05.jpg,pytorch,3,False,4.872299992712215,7.123000017600134,1.7097000090871006,40.16199999023229,40.675399999599904,40.675399999599904,,False
09_short_05.jpg,pytorch,4,False,4.928100010147318,6.926200003363192,1.5410000050906092,39.81019998900592,40.378699981374666,40.378699981374666,,False
09_short_05.jpg,pytorch,5,False,4.825799987884238,7.074799999827519,1.6023999778553843,39.79619999881834,40.34889998729341,40.34889998729341,,False
09_short_05.jpg,pytorch,6,False,5.0577000074554235,6.979199999477714,1.565200014738366,39.911999978357926,40.50839997944422,40.50839997944422,,False
09_short_05.jpg,pytorch,7,False,4.862800007686019,7.042499986710027,1.597599999513477,39.61609999532811,40.15849999268539,40.15849999268539,,False
09_short_05.jpg,pytorch,8,False,4.8738999757915735,6.918899976881221,1.587499980814755,39.76499999407679,40.30530000454746,40.30530000454746,,False
09_short_05.jpg,pytorch,9,False,4.887599992798641,7.463500020094216,1.8349000019952655,40.346399997361004,40.9149999904912,40.9149999904912,,False
09_short_05.jpg,pytorch,10,False,4.82999999076128,7.150400022510439,1.6294000088237226,40.217300003860146,40.832200000295416,40.832200000295416,,False
09_short_05.jpg,pytorch,11,False,4.809099977137521,7.05990000278689,1.5891000221017748,39.91419999510981,40.543399984017015,40.543399984017015,,False
09_short_05.jpg,pytorch,12,False,4.875299986451864,7.023000012850389,1.635300024645403,39.63760001352057,40.26290000183508,40.26290000183508,,False
09_short_05.jpg,pytorch,13,False,4.954600008204579,6.901799992192537,1.5394999936688691,39.66840001521632,40.288399992277846,40.288399992277846,,False
09_short_05.jpg,pytorch,14,False,4.80779999634251,7.088699989253655,1.584300014656037,39.615000016056,40.221900009782985,40.221900009782985,,False
09_short_05.jpg,pytorch,15,False,4.886000009719282,6.989100016653538,1.5780999965500087,39.58079998847097,40.20349998609163,40.20349998609163,,False
09_short_05.jpg,pytorch,16,False,4.817799985175952,6.942100008018315,1.5559000021312386,39.42119999555871,40.05250000045635,40.05250000045635,,False
09_short_05.jpg,pytorch,17,False,4.817799985175952,6.927400012500584,1.5263000095728785,39.596399990841746,40.22140000597574,40.22140000597574,,False
09_short_05.jpg,pytorch,18,False,4.833899991353974,6.909099989570677,1.5442000003531575,39.88650001701899,40.457299997797236,40.457299997797236,,False
09_short_05.jpg,pytorch,19,False,4.9056000134442,6.971700000576675,1.5548999945167452,39.620300027308986,40.22140000597574,40.22140000597574,,False
10_open_circuit_06.jpg,pytorch,0,False,5.250100017292425,7.02269998146221,1.6001999902073294,35.17449999344535,35.75290000298992,35.75290000298992,,False
10_open_circuit_06.jpg,pytorch,1,False,4.977300006430596,7.142099988413975,1.4720999752171338,32.69279998494312,33.21510000387207,33.21510000387207,,False
10_open_circuit_06.jpg,pytorch,2,False,5.004400009056553,7.058000017423183,1.4772999857086688,32.933899987256154,33.44560001278296,33.44560001278296,,False
10_open_circuit_06.jpg,pytorch,3,False,5.014800000935793,7.003000006079674,1.4652000099886209,32.53880000556819,33.064399991417304,33.064399991417304,,False
10_open_circuit_06.jpg,pytorch,4,False,5.105799995362759,7.097200024873018,1.5343999839387834,33.07270002551377,33.60289998818189,33.60289998818189,,False
10_open_circuit_06.jpg,pytorch,5,False,5.025099992053583,6.834900006651878,1.3990999723318964,32.70010001142509,33.27499999431893,33.27499999431893,,False
10_open_circuit_06.jpg,pytorch,6,False,5.101999995531514,7.066599995596334,1.4706999936606735,32.70439998595975,33.319300011498854,33.319300011498854,,False
10_open_circuit_06.jpg,pytorch,7,False,5.0688000046648085,6.9592999934684485,1.4367000258062035,32.68299999763258,33.23860000818968,33.23860000818968,,False
10_open_circuit_06.jpg,pytorch,8,False,4.938099998980761,6.877200008602813,1.4461000100709498,32.29200001806021,32.843299995874986,32.843299995874986,,False
10_open_circuit_06.jpg,pytorch,9,False,5.0036000029649585,6.83319999370724,1.4335000014398247,32.34770000563003,32.95529997558333,32.95529997558333,,False
10_open_circuit_06.jpg,pytorch,10,False,4.9467999779153615,6.930500007001683,1.4922000118531287,32.25580000435002,32.856900012120605,32.856900012120605,,False
10_open_circuit_06.jpg,pytorch,11,False,5.0002000061795115,7.038700015982613,1.466100016841665,32.58810000261292,33.12699997331947,33.12699997331947,,False
10_open_circuit_06.jpg,pytorch,12,False,4.9786000163294375,6.9528000021819025,1.4623000170104206,32.37790000275709,32.95230001094751,32.95230001094751,,False
10_open_circuit_06.jpg,pytorch,13,False,4.9992999993264675,6.929199997102842,1.3996000052429736,32.72869999636896,33.275900001171976,33.275900001171976,,False
10_open_circuit_06.jpg,pytorch,14,False,4.969200002960861,7.014100003289059,1.445600006263703,32.75380001286976,33.299800008535385,33.299800008535385,,False
10_open_circuit_06.jpg,pytorch,15,False,5.095900007290766,6.829499994637445,1.3969999854452908,32.30949997669086,32.88719998090528,32.88719998090528,,False
10_open_circuit_06.jpg,pytorch,16,False,5.049800005508587,6.906700000399724,1.445000001695007,32.338099990738556,32.868699985556304,32.868699985556304,,False
10_open_circuit_06.jpg,pytorch,17,False,6.2855999858584255,11.98479998856783,2.404200000455603,39.75480000372045,40.26249999878928,40.26249999878928,,False
10_open_circuit_06.jpg,pytorch,18,False,5.184400011785328,10.76530001591891,1.7516000079922378,37.269199994625524,37.897400005022064,37.897400005022064,,False
10_open_circuit_06.jpg,pytorch,19,False,5.795500008389354,10.74159998097457,1.6667000018060207,37.49390001758002,38.144699996337295,38.144699996337295,,False
11_short_02.jpg,pytorch,0,False,5.429099983302876,7.213200005935505,1.5555999998468906,37.96050001983531,38.45009999349713,38.45009999349713,,False
11_short_02.jpg,pytorch,1,False,5.3094999748282135,6.992699985858053,1.5014999953564256,34.78489999542944,35.31870001461357,35.31870001461357,,False
11_short_02.jpg,pytorch,2,False,5.189799994695932,6.914199999300763,1.5832999779377133,34.38960001221858,34.93659998639487,34.93659998639487,,False
11_short_02.jpg,pytorch,3,False,5.146100011188537,7.028299994999543,1.5064000035636127,34.502899972721934,35.036399989621714,35.036399989621714,,False
11_short_02.jpg,pytorch,4,False,5.175800004508346,6.847600016044453,1.4796000032220036,34.199099987745285,34.72320002038032,34.72320002038032,,False
11_short_02.jpg,pytorch,5,False,5.1725999801419675,6.8903999926988035,1.4737000165041536,34.07709999009967,34.61440000683069,34.61440000683069,,False
11_short_02.jpg,pytorch,6,False,5.288299988023937,6.909600022481754,1.5245999966282398,34.43450000486337,34.9483999889344,34.9483999889344,,False
11_short_02.jpg,pytorch,7,False,5.128899996634573,6.903100002091378,1.4770000125281513,34.24829998402856,34.7833999840077,34.7833999840077,,False
11_short_02.jpg,pytorch,8,False,5.194099998334423,6.8956999748479575,1.5300000086426735,34.276200021849945,34.787199983838946,34.787199983838946,,False
11_short_02.jpg,pytorch,9,False,5.155799997737631,6.9309000100474805,1.5289000002667308,34.671900008106604,35.22990000783466,35.22990000783466,,False
11_short_02.jpg,pytorch,10,False,5.193399993004277,7.053100009215996,1.5196999884210527,34.52590000233613,35.03060000366531,35.03060000366531,,False
11_short_02.jpg,pytorch,11,False,5.207699985476211,6.914300000062212,1.4737000165041536,34.39069999149069,34.942700003739446,34.942700003739446,,False
11_short_02.jpg,pytorch,12,False,5.095500004244968,8.653199998661876,1.6805999912321568,36.64889998617582,37.236300006043166,37.236300006043166,,False
11_short_02.jpg,pytorch,13,False,5.215900018811226,8.817499998258427,1.752999989548698,36.630500020692125,37.25589998066425,37.25589998066425,,False
11_short_02.jpg,pytorch,14,False,5.4401000088546425,8.856600004946813,1.6751000075601041,37.08859998732805,37.694300001021475,37.694300001021475,,False
11_short_02.jpg,pytorch,15,False,5.306499981088564,8.712700015166774,1.71130002127029,36.775599990505725,37.37949999049306,37.37949999049306,,False
11_short_02.jpg,pytorch,16,False,5.1629999943543226,8.703300001798198,1.6740999999456108,36.40149999409914,37.025999976322055,37.025999976322055,,False
11_short_02.jpg,pytorch,17,False,5.269199988106266,8.693000010680407,1.64309999672696,36.39819999807514,37.02370001701638,37.02370001701638,,False
11_short_02.jpg,pytorch,18,False,5.207099980907515,8.740199991734698,1.7498000233899802,36.50260000722483,37.10940000019036,37.10940000019036,,False
11_short_02.jpg,pytorch,19,False,5.4644999909214675,8.821700001135468,1.698700012639165,37.458900013007224,38.06809999514371,38.06809999514371,,False
12_open_circuit_03.jpg,pytorch,0,False,6.370199989760295,7.444099988788366,1.6317999979946762,50.9895000141114,51.51799999293871,51.51799999293871,,False
12_open_circuit_03.jpg,pytorch,1,False,5.707799980882555,7.226000016089529,1.7477000073995441,43.445999996038154,44.04609999619424,44.04609999619424,,False
12_open_circuit_03.jpg,pytorch,2,False,5.677000008290634,7.118900015484542,1.644900010433048,42.779300012625754,43.35149997496046,43.35149997496046,,False
12_open_circuit_03.jpg,pytorch,3,False,5.5899000144563615,7.080200011841953,1.7810999997891486,42.76189999654889,43.401600007200614,43.401600007200614,,False
12_open_circuit_03.jpg,pytorch,4,False,6.186499987961724,7.020699995337054,1.6853999986778945,43.40529997716658,44.03809999348596,44.03809999348596,,False
12_open_circuit_03.jpg,pytorch,5,False,5.6035000015981495,7.112899998901412,1.6391999961342663,42.64609998790547,43.236800003796816,43.236800003796816,,False
12_open_circuit_03.jpg,pytorch,6,False,5.614199995761737,6.991499976720661,1.5845000161789358,42.48919998644851,43.163000023923814,43.163000023923814,,False
12_open_circuit_03.jpg,pytorch,7,False,5.775199999334291,7.213100005174056,1.8313000036869198,43.466800008900464,44.02839997783303,44.02839997783303,,False
12_open_circuit_03.jpg,pytorch,8,False,5.641099996864796,7.108300022082403,1.6500999918207526,42.66000000643544,43.25250000692904,43.25250000692904,,False
12_open_circuit_03.jpg,pytorch,9,False,5.596699978923425,7.158699998399243,1.6596000059507787,42.63059998629615,43.271000002278015,43.271000002278015,,False
12_open_circuit_03.jpg,pytorch,10,False,5.607599974609911,6.95459998678416,1.6010999970603734,42.40379997645505,42.98880000715144,42.98880000715144,,False
12_open_circuit_03.jpg,pytorch,11,False,5.558800010476261,6.9626999902538955,1.6300999850500375,42.294500017305836,42.95129998354241,42.95129998354241,,False
12_open_circuit_03.jpg,pytorch,12,False,5.766499991295859,7.020899996859953,1.6614999913144857,42.69590001786128,43.29499998129904,43.29499998129904,,False
12_open_circuit_03.jpg,pytorch,13,False,5.786300025647506,7.329000014578924,1.699300017207861,43.30910000135191,43.92820000066422,43.92820000066422,,False
12_open_circuit_03.jpg,pytorch,14,False,5.84789999993518,7.239999977173284,1.6842999903019518,43.391100014559925,44.128999987151474,44.128999987151474,,False
12_open_circuit_03.jpg,pytorch,15,False,5.70710000465624,7.1656000218354166,1.6598000074736774,42.850199999520555,43.43749998952262,43.43749998952262,,False
12_open_circuit_03.jpg,pytorch,16,False,5.564399994909763,7.184899994172156,1.6303999873343855,42.77369999908842,43.379200011258945,43.379200011258945,,False
12_open_circuit_03.jpg,pytorch,17,False,5.717199994251132,6.973599985940382,1.6565999831072986,42.60349998367019,43.17279998213053,43.17279998213053,,False
12_open_circuit_03.jpg,pytorch,18,False,5.591299996012822,7.077999995090067,1.6202999977394938,42.599999986123294,43.21809997782111,43.21809997782111,,False
12_open_circuit_03.jpg,pytorch,19,False,5.665400007274002,7.051499997032806,1.743400003761053,42.587800009641796,43.25499999686144,43.25499999686144,,False
12_short_03.jpg,pytorch,0,False,5.744900001445785,8.913600002415478,1.8814000068232417,53.97529999027029,54.62650000117719,54.62650000117719,,False
12_short_03.jpg,pytorch,1,False,5.592599976807833,8.936500002164394,1.81639997754246,45.02709998632781,45.68870001821779,45.68870001821779,,False
12_short_03.jpg,pytorch,2,False,5.601000011665747,8.976799988886341,1.79569999454543,44.875500025227666,45.59620001236908,45.59620001236908,,False
12_short_03.jpg,pytorch,3,False,5.638399976305664,8.973899995908141,1.8365999858360738,45.03450001357123,45.73459998937324,45.73459998937324,,False
12_short_03.jpg,pytorch,4,False,5.635099980281666,8.97399999666959,1.7994999943766743,44.91009999765083,45.63460001372732,45.63460001372732,,False
12_short_03.jpg,pytorch,5,False,5.712100013624877,8.941699983552098,1.9007999799214303,44.95499999029562,45.706900011282414,45.706900011282414,,False
12_short_03.jpg,pytorch,6,False,6.267599994316697,9.041399986017495,1.8257999909110367,46.124800021061674,46.83939999085851,46.83939999085851,,False
12_short_03.jpg,pytorch,7,False,5.850399989867583,8.996899996418506,1.8397000094410032,45.5253999971319,46.278699999675155,46.278699999675155,,False
12_short_03.jpg,pytorch,8,False,5.75749998097308,8.991400012746453,1.8066999909933656,45.34050001529977,45.997300010640174,45.997300010640174,,False
12_short_03.jpg,pytorch,9,False,5.688899982487783,8.846400014590472,1.8715000187512487,44.831100007286295,45.56110000703484,45.56110000703484,,False
12_short_03.jpg,pytorch,10,False,5.640899995341897,8.843099989462644,1.785800006473437,44.385199988028035,45.041600009426475,45.041600009426475,,False
12_short_03.jpg,pytorch,11,False,5.769900017185137,9.076899994397536,1.8789000168908387,45.67479999968782,46.4438000053633,46.4438000053633,,False
12_short_03.jpg,pytorch,12,False,5.681000009644777,8.921400003600866,1.796900003682822,44.99960000975989,45.678800001041964,45.678800001041964,,False
12_short_03.jpg,pytorch,13,False,5.602099990937859,8.98600000073202,1.798100012820214,45.02260001027025,45.73889999301173,45.73889999301173,,False
12_short_03.jpg,pytorch,14,False,5.834900017362088,8.740400022361428,1.8090000085067004,44.35169999487698,45.047299994621426,45.047299994621426,,False
12_short_03.jpg,pytorch,15,False,5.653200001688674,8.936799975344911,1.809800014598295,44.77269999915734,45.480200002202764,45.480200002202764,,False
12_short_03.jpg,pytorch,16,False,5.6696000101510435,8.917300001485273,1.8426000024192035,44.98889998649247,45.648900006199256,45.648900006199256,,False
12_short_03.jpg,pytorch,17,False,5.620000010821968,8.918899984564632,1.8664999806787819,44.822199997724965,45.54459999781102,45.54459999781102,,False
12_short_03.jpg,pytorch,18,False,5.747699993662536,8.772000001044944,1.7493999912403524,44.52080000191927,45.186599978478625,45.186599978478625,,False
12_short_03.jpg,pytorch,19,False,5.6539000070188195,8.93250000081025,1.8137999868486077,44.69849998713471,45.44519999762997,45.44519999762997,,False
01_missing_hole_03.jpg,onnx_cuda,0,True,8.951499999966472,206.98129999800585,0.8678000012878329,216.8066000158433,241.4991999976337,241.4991999976337,,False
01_missing_hole_03.jpg,onnx_cuda,1,True,11.305899999570101,11.450999998487532,0.6219999922905117,23.382199986372143,49.06140000093728,49.06140000093728,,False
01_missing_hole_03.jpg,onnx_cuda,2,True,10.619899985613301,7.926399994175881,0.609799986705184,19.158899987814948,44.672399992123246,44.672399992123246,,False
01_missing_hole_03.jpg,onnx_cuda,3,True,10.744200000772253,8.086100016953424,0.6223999953363091,19.455800007563084,44.839799986220896,44.839799986220896,,False
01_missing_hole_03.jpg,onnx_cuda,4,True,10.2482000074815,7.955800014315173,0.608200003625825,18.81469998625107,43.718400003854185,43.718400003854185,,False
01_missing_hole_03.jpg,onnx_cuda,0,False,11.913399997865781,9.325899998657405,0.6087000074330717,21.8522000068333,46.669700008351356,46.669700008351356,,False
01_missing_hole_03.jpg,onnx_cuda,1,False,10.246999998344108,7.866700005251914,0.5993999948259443,18.716699996730313,43.78330000326969,43.78330000326969,,False
01_missing_hole_03.jpg,onnx_cuda,2,False,10.33999997889623,8.024899987503886,0.6049000076018274,18.97330000065267,44.05860000406392,44.05860000406392,,False
01_missing_hole_03.jpg,onnx_cuda,3,False,10.478900017915294,7.917000009911135,0.6064999906811863,19.00620001833886,44.10139998071827,44.10139998071827,,False
01_missing_hole_03.jpg,onnx_cuda,4,False,10.377300000982359,8.293799997773021,0.6021999870426953,19.275400001788512,45.298000011825934,45.298000011825934,,False
01_missing_hole_03.jpg,onnx_cuda,5,False,10.27939998311922,8.196000009775162,0.5916999944020063,19.069300004048273,44.198399991728365,44.198399991728365,,False
01_missing_hole_03.jpg,onnx_cuda,6,False,10.332000005291775,8.175999973900616,0.5944000149611384,19.10539998789318,43.95880000083707,43.95880000083707,,False
01_missing_hole_03.jpg,onnx_cuda,7,False,10.321699985070154,8.185099984984845,0.5963000003248453,19.10529998713173,44.057900027837604,44.057900027837604,,False
01_missing_hole_03.jpg,onnx_cuda,8,False,10.349299991503358,8.164500002749264,0.5889000021852553,19.104500010143965,43.970500002615154,43.970500002615154,,False
01_missing_hole_03.jpg,onnx_cuda,9,False,10.47940002172254,8.09099999605678,0.5908000166527927,19.163999997545034,44.816399982664734,44.816399982664734,,False
01_missing_hole_03.jpg,onnx_cuda,10,False,10.483599995495752,8.278099994640797,0.5914999928791076,19.35580000281334,44.40060001797974,44.40060001797974,,False
01_missing_hole_03.jpg,onnx_cuda,11,False,10.467999993124977,8.161099976859987,0.6030999938957393,19.234999985201284,44.408999994629994,44.408999994629994,,False
01_missing_hole_03.jpg,onnx_cuda,12,False,11.041300022043288,8.882000023731962,0.7197000086307526,20.64599998993799,46.10470001352951,46.10470001352951,,False
01_missing_hole_03.jpg,onnx_cuda,13,False,10.503799974685535,8.31780000589788,0.6277999782469124,19.45219998015091,44.72710000118241,44.72710000118241,,False
01_missing_hole_03.jpg,onnx_cuda,14,False,15.158900001551956,9.094600012758747,0.6514000124298036,24.910699983593076,53.16569999558851,53.16569999558851,,False
01_missing_hole_03.jpg,onnx_cuda,15,False,16.785999992862344,9.109399979934096,0.8261999755632132,26.727099990239367,57.9235999903176,57.9235999903176,,False
01_missing_hole_03.jpg,onnx_cuda,16,False,16.051399987190962,8.569800003897399,0.6013000092934817,25.225499994121492,54.93010001373477,54.93010001373477,,False
01_missing_hole_03.jpg,onnx_cuda,17,False,12.691799987806007,8.385299996007234,0.5986000178381801,21.677699987776577,49.14750001626089,49.14750001626089,,False
01_missing_hole_03.jpg,onnx_cuda,18,False,12.616299994988367,8.188200008589774,0.623399973846972,21.430199994938448,48.88680001022294,48.88680001022294,,False
01_missing_hole_03.jpg,onnx_cuda,19,False,12.492499983636662,8.579000015743077,0.6098000158090144,21.684000006644055,49.22729998361319,49.22729998361319,,False
01_open_circuit_02.jpg,onnx_cuda,0,False,14.174200012348592,8.115699980407953,0.5640999879688025,22.857000003568828,51.5200000081677,51.5200000081677,,False
01_open_circuit_02.jpg,onnx_cuda,1,False,12.558399990666658,8.130500005790964,0.5481999833136797,21.239299996523187,48.8793000113219,48.8793000113219,,False
01_open_circuit_02.jpg,onnx_cuda,2,False,12.545800011139363,7.96799999079667,0.5541999998968095,21.07000001706183,48.61160001019016,48.61160001019016,,False
01_open_circuit_02.jpg,onnx_cuda,3,False,13.283699983730912,7.986499986145645,0.5480000108946115,21.820699999807402,49.560399987967685,49.560399987967685,,False
01_open_circuit_02.jpg,onnx_cuda,4,False,12.527199985925108,8.11029999749735,0.5610999942291528,21.200899995164946,49.50610001105815,49.50610001105815,,False
01_open_circuit_02.jpg,onnx_cuda,5,False,12.508299987530336,8.068399998592213,0.5504000000655651,21.12920000217855,48.566400015261024,48.566400015261024,,False
01_open_circuit_02.jpg,onnx_cuda,6,False,13.511199998902157,8.25099999201484,0.5547000037040561,22.320000018225983,50.64299999503419,50.64299999503419,,False
01_open_circuit_02.jpg,onnx_cuda,7,False,12.818199989851564,8.146900014253333,0.5472000048030168,21.51459999731742,49.361700017470866,49.361700017470866,,False
01_open_circuit_02.jpg,onnx_cuda,8,False,13.142800016794354,8.194900001399219,0.5706000083591789,21.9117000233382,50.34479999449104,50.34479999449104,,False
01_open_circuit_02.jpg,onnx_cuda,9,False,13.252800010377541,8.179700002074242,0.583500019274652,22.0195000001695,49.99989998759702,49.99989998759702,,False
01_open_circuit_02.jpg,onnx_cuda,10,False,12.885300006018952,7.987699995283037,0.5693999992217869,21.44480001879856,48.957500024698675,48.957500024698675,,False
01_open_circuit_02.jpg,onnx_cuda,11,False,12.8262999933213,8.003199996892363,0.5558000120799989,21.387599990703166,48.92970001674257,48.92970001674257,,False
01_open_circuit_02.jpg,onnx_cuda,12,False,12.705499975709245,7.9027000174392015,0.5532000213861465,21.1635000014212,48.96400001598522,48.96400001598522,,False
01_open_circuit_02.jpg,onnx_cuda,13,False,12.120600003981963,7.991299993591383,0.5536999960895628,20.667800010414794,45.98059999989346,45.98059999989346,,False
01_open_circuit_02.jpg,onnx_cuda,14,False,13.691800006199628,8.055100013734773,0.5484999855980277,22.297699993941933,49.96149998623878,49.96149998623878,,False
01_open_circuit_02.jpg,onnx_cuda,15,False,12.59510000818409,7.9471999779343605,0.5478000093717128,21.092500013764948,48.78199999802746,48.78199999802746,,False
01_open_circuit_02.jpg,onnx_cuda,16,False,12.560000002849847,8.209699997678399,0.5446999857667834,21.31609999923967,49.17889999342151,49.17889999342151,,False
01_open_circuit_02.jpg,onnx_cuda,17,False,12.539299990748987,7.9895000089891255,0.5449000163935125,21.07580000301823,48.55820001102984,48.55820001102984,,False
01_open_circuit_02.jpg,onnx_cuda,18,False,12.523399986093864,8.220699994126335,0.5512000061571598,21.297500003129244,49.041699996450916,49.041699996450916,,False
01_open_circuit_02.jpg,onnx_cuda,19,False,12.615299987373874,7.987199991475791,0.5490000185091048,21.153799985768273,48.70160002610646,48.70160002610646,,False
01_short_02.jpg,onnx_cuda,0,False,12.834099994506687,8.293399994727224,0.6242000090423971,21.75420001731254,50.15090000233613,50.15090000233613,,False
01_short_02.jpg,onnx_cuda,1,False,12.502700003096834,8.181699988199398,0.6197000038810074,21.306200011167675,48.99370000930503,48.99370000930503,,False
01_short_02.jpg,onnx_cuda,2,False,12.553900014609098,8.358899998711422,0.7089000137057155,21.624400018481538,49.147000012453645,49.147000012453645,,False
01_short_02.jpg,onnx_cuda,3,False,12.607599986949936,8.210900006815791,0.6275000050663948,21.44790001329966,48.79230001824908,48.79230001824908,,False
01_short_02.jpg,onnx_cuda,4,False,12.503599980846047,8.22750001680106,0.6204000092111528,21.353199990699068,48.97030000574887,48.97030000574887,,False
01_short_02.jpg,onnx_cuda,5,False,13.285199995152652,8.17699998151511,0.6162000063341111,22.080700000515208,50.169299996923655,50.169299996923655,,False
01_short_02.jpg,onnx_cuda,6,False,12.474300019675866,8.149800007231534,0.6224999960977584,21.24930001446046,48.86040001292713,48.86040001292713,,False
01_short_02.jpg,onnx_cuda,7,False,12.843800010159612,8.380099985515699,0.6260999944061041,21.85219997772947,49.88370000501163,49.88370000501163,,False
01_short_02.jpg,onnx_cuda,8,False,12.674800003878772,8.267600002000108,0.614099990343675,21.55870001297444,49.12399998283945,49.12399998283945,,False
01_short_02.jpg,onnx_cuda,9,False,12.735600001178682,8.256600005552173,0.6201000069268048,21.614299999782816,49.15180001989938,49.15180001989938,,False
01_short_02.jpg,onnx_cuda,10,False,12.570200022310019,8.214700006647035,0.6194000015966594,21.40619998681359,48.89450001064688,48.89450001064688,,False
01_short_02.jpg,onnx_cuda,11,False,12.480500008678064,8.235599991166964,0.6203000084497035,21.338499995181337,48.659499996574596,48.659499996574596,,False
01_short_02.jpg,onnx_cuda,12,False,12.569699989398941,8.227799989981577,0.6534999993164092,21.45359999849461,50.221199984662235,50.221199984662235,,False
01_short_02.jpg,onnx_cuda,13,False,11.281199986115098,8.277499990072101,0.6190999993123114,20.179899991489947,47.82599999452941,47.82599999452941,,False
01_short_02.jpg,onnx_cuda,14,False,12.489300017477944,8.24809999903664,0.6297999934758991,21.36939999763854,48.883300012676045,48.883300012676045,,False
01_short_02.jpg,onnx_cuda,15,False,12.464500003261492,8.193699992261827,0.6197999755386263,21.27999998629093,48.80679998314008,48.80679998314008,,False
01_short_02.jpg,onnx_cuda,16,False,13.444700016407296,8.233899978222325,0.6226999976206571,22.303600009763613,49.72419998375699,49.72419998375699,,False
01_short_02.jpg,onnx_cuda,17,False,17.126599996117875,8.883999980753288,1.1027000145986676,27.117099991301075,55.75830000452697,55.75830000452697,,False
01_short_02.jpg,onnx_cuda,18,False,12.436299992259592,8.21990001713857,0.6431000074371696,21.301600005244836,50.849499995820224,50.849499995820224,,False
01_short_02.jpg,onnx_cuda,19,False,13.138699985574931,8.161400008248165,0.6241999799385667,21.927299996605143,49.5799999916926,49.5799999916926,,False
04_missing_hole_04.jpg,onnx_cuda,0,False,13.242299988633022,8.047500014072284,0.6295000202953815,21.92170001217164,62.70710000535473,62.70710000535473,,False
04_missing_hole_04.jpg,onnx_cuda,1,False,10.27780000003986,8.014899998670444,0.6316000071819872,18.930200021713972,61.39749998692423,61.39749998692423,,False
04_missing_hole_04.jpg,onnx_cuda,2,False,10.070999996969476,7.957299996633083,0.6022999878041446,18.633800005773082,53.59229998430237,53.59229998430237,,False
04_missing_hole_04.jpg,onnx_cuda,3,False,10.249199985992163,7.880199991632253,0.6049000076018274,18.738499988103285,53.732400003354996,53.732400003354996,,False
04_missing_hole_04.jpg,onnx_cuda,4,False,10.298300010617822,7.895599992480129,0.6031999946571887,18.798900011461228,53.73470002086833,53.73470002086833,,False
04_missing_hole_04.jpg,onnx_cuda,5,False,10.14309999300167,7.985599979292601,0.6098000158090144,18.74059997498989,53.76400001114234,53.76400001114234,,False
04_missing_hole_04.jpg,onnx_cuda,6,False,10.237699985736981,8.18139998591505,0.611299998126924,19.03429999947548,54.35399999259971,54.35399999259971,,False
04_missing_hole_04.jpg,onnx_cuda,7,False,10.013199993409216,8.099700004095212,0.6401999853551388,18.756000004941598,53.68030001409352,53.68030001409352,,False
04_missing_hole_04.jpg,onnx_cuda,8,False,10.111400013556704,7.9311000008601695,0.610999995842576,18.65789998555556,53.31720001413487,53.31720001413487,,False
04_missing_hole_04.jpg,onnx_cuda,9,False,10.208899999270216,7.948100013891235,0.6176999886520207,18.777499994030222,53.775400010636076,53.775400010636076,,False
04_missing_hole_04.jpg,onnx_cuda,10,False,10.171700007049367,8.163799997419119,0.6107999943196774,18.95289999083616,53.796399995917454,53.796399995917454,,False
04_missing_hole_04.jpg,onnx_cuda,11,False,10.220700001809746,7.919900002889335,0.5984999879729003,18.742799991741776,53.51109997718595,53.51109997718595,,False
04_missing_hole_04.jpg,onnx_cuda,12,False,10.143299994524568,7.938800001284108,0.606699992204085,18.692600016947836,53.44849999528378,53.44849999528378,,False
04_missing_hole_04.jpg,onnx_cuda,13,False,10.075099999085069,8.053600002313033,0.5981999856885523,18.72920000459999,53.35460000787862,53.35460000787862,,False
04_missing_hole_04.jpg,onnx_cuda,14,False,10.099300008732826,7.9298999917227775,0.6437999836634845,18.678299995372072,53.49160000332631,53.49160000332631,,False
04_missing_hole_04.jpg,onnx_cuda,15,False,9.989299986045808,8.279899979243055,0.5990999925415963,18.87239998904988,53.477600013138726,53.477600013138726,,False
04_missing_hole_04.jpg,onnx_cuda,16,False,10.324400005629286,8.070399984717369,0.603299995418638,19.002199987880886,53.91899999813177,53.91899999813177,,False
04_missing_hole_04.jpg,onnx_cuda,17,False,10.277699999278411,7.984800002304837,0.6073000258766115,18.874599976697937,53.707499988377094,53.707499988377094,,False
04_missing_hole_04.jpg,onnx_cuda,18,False,10.04389999434352,7.989699981408194,0.600800005486235,18.63720000255853,53.470400016522035,53.470400016522035,,False
04_missing_hole_04.jpg,onnx_cuda,19,False,10.072700009914115,7.96799999079667,0.614399992628023,18.657200009329244,53.282300010323524,53.282300010323524,,False
04_open_circuit_02.jpg,onnx_cuda,0,False,10.094600002048537,7.960999995702878,0.5280000041238964,18.587500002468005,53.74190001748502,53.74190001748502,,False
04_open_circuit_02.jpg,onnx_cuda,1,False,10.054799990030006,7.98429999849759,0.5281000048853457,18.569600011687726,53.239300003042445,53.239300003042445,,False
04_open_circuit_02.jpg,onnx_cuda,2,False,10.131500021088868,8.031500008655712,0.5268999957479537,18.69349999469705,53.362100006779656,53.362100006779656,,False
04_open_circuit_02.jpg,onnx_cuda,3,False,9.917100018355995,7.960299990372732,0.5213000113144517,18.40309999533929,53.28459999873303,53.28459999873303,,False
04_open_circuit_02.jpg,onnx_cuda,4,False,10.375499987276271,7.908600004157051,0.5301000201143324,18.818200012901798,53.485099982935935,53.485099982935935,,False
04_open_circuit_02.jpg,onnx_cuda,5,False,10.169399989536032,7.9711000144016,0.5211999814491719,18.665499985218048,53.627399989636615,53.627399989636615,,False
04_open_circuit_02.jpg,onnx_cuda,6,False,11.672299995552748,7.922999997390434,0.5222999898251146,20.119799999520183,57.99490000936203,57.99490000936203,,False
04_open_circuit_02.jpg,onnx_cuda,7,False,10.177799995290115,7.990399986738339,0.5240000027697533,18.69640001677908,53.41739999130368,53.41739999130368,,False
04_open_circuit_02.jpg,onnx_cuda,8,False,10.233999986667186,8.058800012804568,0.5280000041238964,18.82530000875704,54.46820001816377,54.46820001816377,,False
04_open_circuit_02.jpg,onnx_cuda,9,False,10.426900000311434,8.03479997557588,0.5348999984562397,19.00020000175573,54.541399993468076,54.541399993468076,,False
04_open_circuit_02.jpg,onnx_cuda,10,False,10.402499989140779,8.184999984223396,0.5305999948177487,19.121899997116998,54.14920000475831,54.14920000475831,,False
04_open_circuit_02.jpg,onnx_cuda,11,False,10.438800003612414,8.13829997787252,0.530699995579198,19.112999987555668,54.37209998490289,54.37209998490289,,False
04_open_circuit_02.jpg,onnx_cuda,12,False,10.20829999470152,8.006399992154911,0.5189999938011169,18.735899997409433,53.83900000015274,53.83900000015274,,False
04_open_circuit_02.jpg,onnx_cuda,13,False,10.133000003406778,7.974700012709945,0.523900002008304,18.63559999037534,53.196199994999915,53.196199994999915,,False
04_open_circuit_02.jpg,onnx_cuda,14,False,10.182099998928607,7.973699975991622,0.519299996085465,18.678199994610623,53.57329998514615,53.57329998514615,,False
04_open_circuit_02.jpg,onnx_cuda,15,False,10.56679998873733,8.088300004601479,0.5384999967645854,19.197599991457537,54.3863000057172,54.3863000057172,,False
04_open_circuit_02.jpg,onnx_cuda,16,False,10.216599999694154,7.994200015673414,0.522699992870912,18.735699995886534,53.778500005137175,53.778500005137175,,False
04_open_circuit_02.jpg,onnx_cuda,17,False,10.291999991750345,7.970799983013421,0.5181000160519034,18.782700004521757,53.64420000114478,53.64420000114478,,False
04_open_circuit_02.jpg,onnx_cuda,18,False,10.072100005345419,7.9898000112734735,0.51710000843741,18.58380000339821,53.29050001455471,53.29050001455471,,False
04_open_circuit_02.jpg,onnx_cuda,19,False,10.364000016124919,7.937999995192513,0.5181000160519034,18.823499995050952,53.68539999471977,53.68539999471977,,False
04_open_circuit_03.jpg,onnx_cuda,0,False,10.232999979052693,9.579300007317215,0.5555000097956508,20.371399994473904,56.267799984198064,56.267799984198064,,False
04_open_circuit_03.jpg,onnx_cuda,1,False,10.338899999624118,9.489499992923811,0.5667000077664852,20.399400003952906,55.93790000420995,55.93790000420995,,False
04_open_circuit_03.jpg,onnx_cuda,2,False,10.02310001058504,8.237400004873052,0.5507000023499131,18.815299990819767,53.84269999922253,53.84269999922253,,False
04_open_circuit_03.jpg,onnx_cuda,3,False,10.446500004036352,8.017999993171543,0.5432000034488738,19.011399999726564,54.07220000051893,54.07220000051893,,False
04_open_circuit_03.jpg,onnx_cuda,4,False,9.98000000254251,8.155799994710833,0.5931999767199159,18.733999982941896,54.05060001066886,54.05060001066886,,False
04_open_circuit_03.jpg,onnx_cuda,5,False,10.245999990729615,8.03019999875687,0.5499999970197678,18.829400010872632,54.04590000398457,54.04590000398457,,False
04_open_circuit_03.jpg,onnx_cuda,6,False,10.414999997010455,8.019100001547486,0.5842999962624162,19.021699990844354,53.910299990093336,53.910299990093336,,False
04_open_circuit_03.jpg,onnx_cuda,7,False,10.049300006357953,7.999800000106916,0.5405000119935721,18.593299988424405,53.51719999453053,53.51719999453053,,False
04_open_circuit_03.jpg,onnx_cuda,8,False,10.154599993256852,7.950999977765605,0.5435000057332218,18.651299993507564,53.495600004680455,53.495600004680455,,False
04_open_circuit_03.jpg,onnx_cuda,9,False,10.020699992310256,8.20960002602078,0.5414000188466161,18.77490000333637,53.53529998683371,53.53529998683371,,False
04_open_circuit_03.jpg,onnx_cuda,10,False,10.112799995113164,8.085699984803796,0.5514000076800585,18.753700016532093,53.55719997896813,53.55719997896813,,False
04_open_circuit_03.jpg,onnx_cuda,11,False,10.337500018067658,8.058000006712973,0.5581000004895031,18.9572999952361,53.74080000910908,53.74080000910908,,False
04_open_circuit_03.jpg,onnx_cuda,12,False,10.421399987535551,8.447100000921637,0.5569999921135604,19.427699997322634,54.44589999387972,54.44589999387972,,False
04_open_circuit_03.jpg,onnx_cuda,13,False,11.04400001349859,8.663099986733869,0.5616999987978488,20.27409998117946,55.348399997456,55.348399997456,,False
04_open_circuit_03.jpg,onnx_cuda,14,False,10.017599997809157,7.938700000522658,0.5437999789137393,18.504399980884045,53.63529999158345,53.63529999158345,,False
04_open_circuit_03.jpg,onnx_cuda,15,False,10.122200008481741,8.114500000374392,0.5393000028561801,18.780500016873702,53.35010000271723,53.35010000271723,,False
04_open_circuit_03.jpg,onnx_cuda,16,False,10.322200017981231,8.051800017710775,0.5435000057332218,18.920900009106845,53.49800002295524,53.49800002295524,,False
04_open_circuit_03.jpg,onnx_cuda,17,False,10.055200022179633,8.020900015253574,0.5718999891541898,18.6505000165198,53.65879999590106,53.65879999590106,,False
04_open_circuit_03.jpg,onnx_cuda,18,False,10.24689999758266,7.995599997229874,0.5460999964270741,18.79140001256019,53.68029998498969,53.68029998498969,,False
04_open_circuit_03.jpg,onnx_cuda,19,False,10.298100009094924,7.994600018719211,0.5516000092029572,18.846599996322766,53.67149997618981,53.67149997618981,,False
04_short_02.jpg,onnx_cuda,0,False,10.656500002369285,8.103700005449355,0.5802999949082732,19.354999996721745,54.562400007853284,54.562400007853284,,False
04_short_02.jpg,onnx_cuda,1,False,10.749700013548136,8.131699985824525,0.6052000098861754,19.491200015181676,54.461599997011945,54.461599997011945,,False
04_short_02.jpg,onnx_cuda,2,False,10.208100022282451,7.971499988343567,0.5819000070914626,18.765200016787276,53.44779998995364,53.44779998995364,,False
04_short_02.jpg,onnx_cuda,3,False,10.614800004987046,8.041699999012053,0.5804999964311719,19.242000009398907,54.228900000452995,54.228900000452995,,False
04_short_02.jpg,onnx_cuda,4,False,10.301100002834573,9.615999995730817,0.587200018344447,20.507899986114353,56.11870001303032,56.11870001303032,,False
04_short_02.jpg,onnx_cuda,5,False,10.41119999717921,9.591699985321611,0.594000011915341,20.602200005669147,55.886899994220585,55.886899994220585,,False
04_short_02.jpg,onnx_cuda,6,False,10.976699995808303,9.602100006304681,0.5783999804407358,21.16030000615865,57.87899999995716,57.87899999995716,,False
04_short_02.jpg,onnx_cuda,7,False,10.28380001662299,9.47630000882782,0.6083999760448933,20.373099978314713,55.56049998267554,55.56049998267554,,False
04_short_02.jpg,onnx_cuda,8,False,10.137500008568168,9.534899989375845,0.5819000070914626,20.25669999420643,55.379700002959,55.379700002959,,False
04_short_02.jpg,onnx_cuda,9,False,10.109700000612065,9.388199978275225,0.58230001013726,20.083700015675277,55.49769999925047,55.49769999925047,,False
04_short_02.jpg,onnx_cuda,10,False,10.111700015841052,9.45849998970516,0.5750000127591193,20.149000018136576,55.16940000234172,55.16940000234172,,False
04_short_02.jpg,onnx_cuda,11,False,10.000999987823889,9.486099996138364,0.5816999764647335,20.071899984031916,54.89599998691119,54.89599998691119,,False
04_short_02.jpg,onnx_cuda,12,False,10.081400017952546,9.490799973718822,0.6346000009216368,20.20909998100251,55.685400002403185,55.685400002403185,,False
04_short_02.jpg,onnx_cuda,13,False,9.877200005576015,9.594000002834946,0.5760999920312315,20.050899998750538,55.4446000023745,55.4446000023745,,False
04_short_02.jpg,onnx_cuda,14,False,10.0586999906227,9.446000010939315,0.5862999823875725,20.09659999748692,55.53380001219921,55.53380001219921,,False
04_short_02.jpg,onnx_cuda,15,False,10.41270000860095,9.567900007823482,0.579500017920509,20.5646000104025,56.11229999340139,56.11229999340139,,False
04_short_02.jpg,onnx_cuda,16,False,10.306400014087558,9.481299988692626,0.5848000000696629,20.37490002112463,56.77610001293942,56.77610001293942,,False
04_short_02.jpg,onnx_cuda,17,False,10.073700017528608,9.422700008144602,0.5773000011686236,20.078200002899393,55.13779999455437,55.13779999455437,,False
04_short_02.jpg,onnx_cuda,18,False,10.486999992281199,9.466199990129098,0.5817000055685639,20.53790001082234,56.24740000348538,56.24740000348538,,False
04_short_02.jpg,onnx_cuda,19,False,10.206300008576363,8.18279999657534,0.5827999848406762,18.976699997438118,54.54630000167526,54.54630000167526,,False
04_short_03.jpg,onnx_cuda,0,False,10.186400002567098,8.191199973225594,0.6040000007487833,18.98829999845475,54.43670001113787,54.43670001113787,,False
04_short_03.jpg,onnx_cuda,1,False,10.077699989778921,8.219200011808425,0.6331999902613461,18.934099993202835,54.82819999451749,54.82819999451749,,False
04_short_03.jpg,onnx_cuda,2,False,9.928000014042482,8.29840000369586,0.602699990849942,18.83280000765808,53.80180000793189,53.80180000793189,,False
04_short_03.jpg,onnx_cuda,3,False,10.047499992651865,8.36799998069182,0.6001000001560897,19.01779999025166,53.79370000446215,53.79370000446215,,False
04_short_03.jpg,onnx_cuda,4,False,9.977799985790625,8.319600019603968,0.6077999714761972,18.910099985077977,54.512000002432615,54.512000002432615,,False
04_short_03.jpg,onnx_cuda,5,False,10.091800009831786,9.32529999408871,0.602099986281246,20.022699987748638,55.17919998965226,55.17919998965226,,False
04_short_03.jpg,onnx_cuda,6,False,9.98170001548715,8.284899988211691,0.5952999927103519,18.865999998524785,54.71759999636561,54.71759999636561,,False
04_short_03.jpg,onnx_cuda,7,False,10.105599998496473,8.222699980251491,0.5913999921176583,18.92430000589229,54.012700013117865,54.012700013117865,,False
04_short_03.jpg,onnx_cuda,8,False,10.10159999714233,8.041900000534952,0.5972999788355082,18.745499983197078,54.35709998710081,54.35709998710081,,False
04_short_03.jpg,onnx_cuda,9,False,9.936599992215633,8.221899974159896,0.6150999979581684,18.777099990984425,54.13069998030551,54.13069998030551,,False
04_short_03.jpg,onnx_cuda,10,False,10.309799981769174,8.178699994459748,0.600500003201887,19.090799993136898,54.27220001001842,54.27220001001842,,False
04_short_03.jpg,onnx_cuda,11,False,10.13870001770556,8.204899990232661,0.603899999987334,18.950900004711002,54.7779000189621,54.7779000189621,,False
04_short_03.jpg,onnx_cuda,12,False,10.798300005262718,8.240499999374151,0.6056000129319727,19.648000015877187,55.13609998160973,55.13609998160973,,False
04_short_03.jpg,onnx_cuda,13,False,10.088699986226857,8.017699990887195,0.5980999849271029,18.70819999021478,53.58509998768568,53.58509998768568,,False
04_short_03.jpg,onnx_cuda,14,False,10.210800013737753,8.039599983021617,0.5877999938093126,18.842099991161376,53.571099997498095,53.571099997498095,,False
04_short_03.jpg,onnx_cuda,15,False,11.351399996783584,8.030800003325567,0.5984999879729003,19.98509999248199,55.02980001620017,55.02980001620017,,False
04_short_03.jpg,onnx_cuda,16,False,10.578299988992512,8.301699999719858,0.6262999959290028,19.510099984472618,55.11089999345131,55.11089999345131,,False
04_short_03.jpg,onnx_cuda,17,False,9.9874000006821,8.2348000141792,0.6046000053174794,18.82980001391843,53.88429999584332,53.88429999584332,,False
04_short_03.jpg,onnx_cuda,18,False,10.157400014577433,8.238900016294792,0.5971999780740589,18.996099999640137,53.99519999627955,53.99519999627955,,False
04_short_03.jpg,onnx_cuda,19,False,11.047800013329834,8.264800009783357,0.6023000169079751,19.919600017601624,56.845299986889586,56.845299986889586,,False
05_open_circuit_03.jpg,onnx_cuda,0,False,10.410499991849065,8.180900011211634,0.5709999823011458,19.164900004398078,44.77239999687299,44.77239999687299,,False
05_open_circuit_03.jpg,onnx_cuda,1,False,10.024799994425848,8.160299999872223,0.6133999850135297,18.80130000063218,44.41370000131428,44.41370000131428,,False
05_open_circuit_03.jpg,onnx_cuda,2,False,9.916899987729266,8.21100000757724,0.5773000011686236,18.707400013227016,44.10900000948459,44.10900000948459,,False
05_open_circuit_03.jpg,onnx_cuda,3,False,9.985499986214563,8.019500004593283,0.5526999884750694,18.5598999960348,44.045999995432794,44.045999995432794,,False
05_open_circuit_03.jpg,onnx_cuda,4,False,10.142400016775355,8.225099998526275,0.555399979930371,18.924899981357157,44.14879999239929,44.14879999239929,,False
05_open_circuit_03.jpg,onnx_cuda,5,False,10.077400016598403,8.047900017118081,0.555099977646023,18.682299996726215,44.07430000719614,44.07430000719614,,False
05_open_circuit_03.jpg,onnx_cuda,6,False,9.990699996706098,8.932299999287352,0.5666999786626548,19.491599989123642,45.05280000739731,45.05280000739731,,False
05_open_circuit_03.jpg,onnx_cuda,7,False,10.228699975414202,8.088300004601479,0.5554000090342015,18.87430000351742,44.48060001595877,44.48060001595877,,False
05_open_circuit_03.jpg,onnx_cuda,8,False,10.096699988935143,8.064499997999519,0.5568999913521111,18.71989999199286,44.02539998409338,44.02539998409338,,False
05_open_circuit_03.jpg,onnx_cuda,9,False,10.006100026657805,8.24220001231879,0.5684999923687428,18.818799988366663,44.39049999928102,44.39049999928102,,False
05_open_circuit_03.jpg,onnx_cuda,10,False,10.068799980217591,8.137600001646206,0.5579999997280538,18.766599998343736,44.15169998537749,44.15169998537749,,False
05_open_circuit_03.jpg,onnx_cuda,11,False,10.631799988914281,8.104900014586747,0.5769999988842756,19.315999990794808,45.209100004285574,45.209100004285574,,False
05_open_circuit_03.jpg,onnx_cuda,12,False,10.087000002386048,8.188499981770292,0.5545000021811575,18.831900000805035,44.31909997947514,44.31909997947514,,False
05_open_circuit_03.jpg,onnx_cuda,13,False,10.083200002554804,8.172099973307922,0.5539999983739108,18.811599991749972,44.3712999986019,44.3712999986019,,False
05_open_circuit_03.jpg,onnx_cuda,14,False,10.00670000212267,8.136600023135543,0.5539999983739108,18.699599982937798,44.29310001432896,44.29310001432896,,False
05_open_circuit_03.jpg,onnx_cuda,15,False,9.942200005752966,8.203999983379617,0.5588000058196485,18.70690000941977,44.011699996190146,44.011699996190146,,False
05_open_circuit_03.jpg,onnx_cuda,16,False,9.887499996693805,8.156399999279529,0.5601999873761088,18.605699995532632,43.87899997527711,43.87899997527711,,False
05_open_circuit_03.jpg,onnx_cuda,17,False,10.010500001953915,8.237200003350154,0.5536000244319439,18.80309998523444,44.10840000491589,44.10840000491589,,False
05_open_circuit_03.jpg,onnx_cuda,18,False,10.003200004575774,8.149000001139939,0.5502000276464969,18.704299989622086,44.05710002174601,44.05710002174601,,False
05_open_circuit_03.jpg,onnx_cuda,19,False,10.03800000762567,8.392199990339577,0.5559999844990671,18.9881999976933,44.8612000036519,44.8612000036519,,False
05_open_circuit_04.jpg,onnx_cuda,0,False,10.632499994244426,8.08349999715574,0.6850000063423067,19.403600017540157,44.69869998865761,44.69869998865761,,False
05_open_circuit_04.jpg,onnx_cuda,1,False,10.022300004493445,8.077900012722239,0.6823000148870051,18.784700019750744,44.12399997818284,44.12399997818284,,False
05_open_circuit_04.jpg,onnx_cuda,2,False,10.238899994874373,8.213599998271093,0.7191000040620565,19.173800013959408,44.79289997834712,44.79289997834712,,False
05_open_circuit_04.jpg,onnx_cuda,3,False,10.194400005275384,8.15609999699518,0.6887000054121017,19.041299994569272,44.55769999185577,44.55769999185577,,False
05_open_circuit_04.jpg,onnx_cuda,4,False,10.112499992828816,8.232199994381517,0.6847999757155776,19.031499978154898,44.59039997891523,44.59039997891523,,False
05_open_circuit_04.jpg,onnx_cuda,5,False,9.92680000490509,8.16209998447448,0.6827000179328024,18.774099997244775,44.134800002211705,44.134800002211705,,False
05_open_circuit_04.jpg,onnx_cuda,6,False,9.94010001886636,8.112000010441989,0.689199980115518,18.743499997071922,44.18399999849498,44.18399999849498,,False
05_open_circuit_04.jpg,onnx_cuda,7,False,10.269499995047227,8.187200000975281,0.6824999873060733,19.141500000841916,44.51320000225678,44.51320000225678,,False
05_open_circuit_04.jpg,onnx_cuda,8,False,10.277699999278411,8.173800015356392,0.6899999862071127,19.14359998772852,44.60490000201389,44.60490000201389,,False
05_open_circuit_04.jpg,onnx_cuda,9,False,10.113199998158962,8.194199996069074,0.6890000076964498,18.999099993379787,44.45270000724122,44.45270000724122,,False
05_open_circuit_04.jpg,onnx_cuda,10,False,9.956199995940551,8.285999996587634,0.6821999850217253,18.926699995063245,44.45679998025298,44.45679998025298,,False
05_open_circuit_04.jpg,onnx_cuda,11,False,10.03780000610277,8.164200000464916,0.8058999956119806,19.0106000227388,45.13430001679808,45.13430001679808,,False
05_open_circuit_04.jpg,onnx_cuda,12,False,10.05569999688305,8.083900000201538,0.7090999861247838,18.851000000722706,44.2291000217665,44.2291000217665,,False
05_open_circuit_04.jpg,onnx_cuda,13,False,11.831799987703562,8.201399992685765,0.7461000059265643,20.781900006113574,46.27810002421029,46.27810002421029,,False
05_open_circuit_04.jpg,onnx_cuda,14,False,10.17419999698177,8.169900014763698,0.6915999983903021,19.038000027649105,44.67370000202209,44.67370000202209,,False
05_open_circuit_04.jpg,onnx_cuda,15,False,10.010700003476813,8.084799977950752,0.6870000215712935,18.784900021273643,44.71879999618977,44.71879999618977,,False
05_open_circuit_04.jpg,onnx_cuda,16,False,9.941800002707168,8.164200000464916,0.7012999849393964,18.80920000257902,44.28210001788102,44.28210001788102,,False
05_open_circuit_04.jpg,onnx_cuda,17,False,9.980600007111207,8.035299979383126,0.6867000192869455,18.704499991144985,44.131799979368225,44.131799979368225,,False
05_open_circuit_04.jpg,onnx_cuda,18,False,10.032499994849786,8.10869998531416,0.6849000055808574,18.82820000173524,44.0707000088878,44.0707000088878,,False
05_open_circuit_04.jpg,onnx_cuda,19,False,10.833300009835511,8.222100004786626,0.6996000010985881,19.757500005653128,44.993999996222556,44.993999996222556,,False
05_open_circuit_06.jpg,onnx_cuda,0,False,10.484900005394593,8.201700024073943,0.4999000229872763,19.189099984942004,44.93390000425279,44.93390000425279,,False
05_open_circuit_06.jpg,onnx_cuda,1,False,10.22149997879751,8.061700005782768,0.4941000079270452,18.77919997787103,44.28830000688322,44.28830000688322,,False
05_open_circuit_06.jpg,onnx_cuda,2,False,9.933499997714534,8.078400016529486,0.49089998356066644,18.50499998545274,43.77210000529885,43.77210000529885,,False
05_open_circuit_06.jpg,onnx_cuda,3,False,10.13999999850057,8.155400020768866,0.5054999783169478,18.80319998599589,44.512699998449534,44.512699998449534,,False
05_open_circuit_06.jpg,onnx_cuda,4,False,10.496700007934123,8.113999996567145,0.4977999778930098,19.110599998384714,44.41400000359863,44.41400000359863,,False
05_open_circuit_06.jpg,onnx_cuda,5,False,10.06450000568293,8.14750001882203,0.4918999911751598,18.706100003328174,44.22459998750128,44.22459998750128,,False
05_open_circuit_06.jpg,onnx_cuda,6,False,10.0215999991633,8.085000008577481,0.5008000007364899,18.609599996125326,43.959800008451566,43.959800008451566,,False
05_open_circuit_06.jpg,onnx_cuda,7,False,9.927499981131405,8.139000012306497,0.5138000124134123,18.58249999349937,44.56529999151826,44.56529999151826,,False
05_open_circuit_06.jpg,onnx_cuda,8,False,9.90589999128133,8.116000011796132,0.4991999885533005,18.5232000076212,43.98250000667758,43.98250000667758,,False
05_open_circuit_06.jpg,onnx_cuda,9,False,10.230200015939772,8.177800016710535,0.49089998356066644,18.90070000081323,44.205799989867955,44.205799989867955,,False
05_open_circuit_06.jpg,onnx_cuda,10,False,10.339200001908466,8.116599987260997,0.5116999964229763,18.969500000821427,44.27049998776056,44.27049998776056,,False
05_open_circuit_06.jpg,onnx_cuda,11,False,10.363299981690943,8.241300005465746,0.49149998812936246,19.09809999051504,44.28970001754351,44.28970001754351,,False
05_open_circuit_06.jpg,onnx_cuda,12,False,9.977000008802861,8.175900002242997,0.49920001765713096,18.654600018635392,44.22640000120737,44.22640000120737,,False
05_open_circuit_06.jpg,onnx_cuda,13,False,9.912700013956055,8.142600010614842,0.48829999286681414,18.545800005085766,43.89900001115166,43.89900001115166,,False
05_open_circuit_06.jpg,onnx_cuda,14,False,10.852200008230284,8.115400007227436,0.4989999870304018,19.46959999622777,45.01689999597147,45.01689999597147,,False
05_open_circuit_06.jpg,onnx_cuda,15,False,10.025199997471645,8.462199999485165,0.4962999955751002,18.986100010806695,44.72489998443052,44.72489998443052,,False
05_open_circuit_06.jpg,onnx_cuda,16,False,10.250099992845207,8.164200000464916,0.4954000178258866,18.912200001068413,44.47339999023825,44.47339999023825,,False
05_open_circuit_06.jpg,onnx_cuda,17,False,9.997400018619373,8.25850002001971,0.48919999971985817,18.747499998426065,44.02620001928881,44.02620001928881,,False
05_open_circuit_06.jpg,onnx_cuda,18,False,10.033900005510077,8.203399978810921,0.4959999932907522,18.735799996647984,44.06019998714328,44.06019998714328,,False
05_open_circuit_06.jpg,onnx_cuda,19,False,10.91650000307709,8.188100007828325,0.5145999894011766,19.621200015535578,45.04660001839511,45.04660001839511,,False
05_short_03.jpg,onnx_cuda,0,False,12.011699989670888,8.344899979420006,0.6754999922122806,21.034799981862307,46.897799998987466,46.897799998987466,,False
05_short_03.jpg,onnx_cuda,1,False,10.36819998989813,8.152599999448285,0.6250999867916107,19.14849999593571,45.04920000908896,45.04920000908896,,False
05_short_03.jpg,onnx_cuda,2,False,10.140700003830716,8.33689997671172,0.6174000154715031,19.097600015811622,44.629599986365065,44.629599986365065,,False
05_short_03.jpg,onnx_cuda,3,False,9.996100008720532,8.227599988458678,0.6144999933894724,18.840499978978187,44.122699997387826,44.122699997387826,,False
05_short_03.jpg,onnx_cuda,4,False,9.973800013540313,8.28209999599494,0.6142999918665737,18.872100015869364,43.970200000330806,43.970200000330806,,False
05_short_03.jpg,onnx_cuda,5,False,10.07639997988008,8.22600000537932,0.6588999822270125,18.963499984238297,44.18440000154078,44.18440000154078,,False
05_short_03.jpg,onnx_cuda,6,False,10.08519998867996,8.163999998942018,0.6158000032883137,18.867200007662177,44.23209998640232,44.23209998640232,,False
05_short_03.jpg,onnx_cuda,7,False,10.2230999909807,8.302600006572902,0.619399972492829,19.147599989082664,45.61020000255667,45.61020000255667,,False
05_short_03.jpg,onnx_cuda,8,False,10.164499981328845,8.141300000716,0.6126000080257654,18.920599977718666,44.426399981603026,44.426399981603026,,False
05_short_03.jpg,onnx_cuda,9,False,9.892500005662441,8.109899994451553,0.621799990767613,18.626100005349144,43.957099987892434,43.957099987892434,,False
05_short_03.jpg,onnx_cuda,10,False,11.042900005122647,8.11609998345375,0.6203000084497035,19.781500013777986,44.96559998369776,44.96559998369776,,False
05_short_03.jpg,onnx_cuda,11,False,10.022600006777793,8.10450001154095,0.6114999996498227,18.74080000561662,44.05560001032427,44.05560001032427,,False
05_short_03.jpg,onnx_cuda,12,False,10.084200010169297,8.160400000633672,0.6120000034570694,18.858600000385195,44.17070001363754,44.17070001363754,,False
05_short_03.jpg,onnx_cuda,13,False,10.118799982592463,8.148199995048344,0.6330999894998968,18.90249998541549,44.15970001718961,44.15970001718961,,False
05_short_03.jpg,onnx_cuda,14,False,9.952199994586408,8.11759999487549,0.6118000019341707,18.683900008909404,44.413099996745586,44.413099996745586,,False
05_short_03.jpg,onnx_cuda,15,False,10.164399980567396,8.16820000181906,0.6196000031195581,18.95430000149645,44.165800005430356,44.165800005430356,,False
05_short_03.jpg,onnx_cuda,16,False,10.009499994339421,8.297799999127164,0.6207000114955008,18.930000020191073,44.21000002184883,44.21000002184883,,False
05_short_03.jpg,onnx_cuda,17,False,10.571499995421618,7.984999974723905,0.604800006840378,19.163599994499236,45.26610000175424,45.26610000175424,,False
05_short_03.jpg,onnx_cuda,18,False,10.050599987152964,7.938900002045557,0.614399992628023,18.606500001624227,44.007399992551655,44.007399992551655,,False
05_short_03.jpg,onnx_cuda,19,False,10.484099999302998,7.9307999985758215,0.6347000016830862,19.052299991017208,45.47679997631349,45.47679997631349,,False
05_short_04.jpg,onnx_cuda,0,False,10.105199995450675,8.13249999191612,0.6325000140350312,18.872200016630813,44.28249999182299,44.28249999182299,,False
05_short_04.jpg,onnx_cuda,1,False,10.124899999937043,8.10279999859631,0.6333999917842448,18.863200006308034,44.50560000259429,44.50560000259429,,False
05_short_04.jpg,onnx_cuda,2,False,10.010500001953915,8.09550000121817,0.6348000024445355,18.74230001703836,44.49589998694137,44.49589998694137,,False
05_short_04.jpg,onnx_cuda,3,False,9.988100006012246,8.097200014162809,0.6234000029508024,18.71089998167008,44.02429997571744,44.02429997571744,,False
05_short_04.jpg,onnx_cuda,4,False,9.959000017261133,8.07480001822114,0.628299982054159,18.664600007468835,44.19330001110211,44.19330001110211,,False
05_short_04.jpg,onnx_cuda,5,False,9.936299989931285,8.119800011627376,0.6237000052351505,18.681899993680418,44.03230000752956,44.03230000752956,,False
05_short_04.jpg,onnx_cuda,6,False,10.107300011441112,8.097199985058978,0.6400999845936894,18.846899998607114,44.51639999751933,44.51639999751933,,False
05_short_04.jpg,onnx_cuda,7,False,10.303699993528426,8.100800012471154,0.6287999858614057,19.035300007089972,44.376500009093434,44.376500009093434,,False
05_short_04.jpg,onnx_cuda,8,False,10.19339999766089,8.012300007976592,0.6266999989748001,18.834499991498888,44.13090000161901,44.13090000161901,,False
05_short_04.jpg,onnx_cuda,9,False,10.04529997589998,8.010099991224706,0.6278000073507428,18.685699993511662,43.998499982990324,43.998499982990324,,False
05_short_04.jpg,onnx_cuda,10,False,10.115100012626499,8.130500005790964,0.6340999971143901,18.88180000241846,44.359799998346716,44.359799998346716,,False
05_short_04.jpg,onnx_cuda,11,False,10.589700017590076,8.157600008416921,0.6807000027038157,19.430200016358867,45.251799980178475,45.251799980178475,,False
05_short_04.jpg,onnx_cuda,12,False,9.981800016248599,8.11480000265874,0.6267999997362494,18.72600000933744,44.207300001289696,44.207300001289696,,False
05_short_04.jpg,onnx_cuda,13,False,10.47789998119697,8.200899988878518,0.6366000161506236,19.318200007546693,45.30460000387393,45.30460000387393,,False
05_short_04.jpg,onnx_cuda,14,False,9.962100011762232,8.069899980910122,0.6281000096350908,18.661800015252084,44.059400010155514,44.059400010155514,,False
05_short_04.jpg,onnx_cuda,15,False,9.97119999374263,8.007399999769405,0.6249000143725425,18.60579999629408,43.866799998795614,43.866799998795614,,False
05_short_04.jpg,onnx_cuda,16,False,10.148300003493205,8.09099999605678,0.6336999940685928,18.87560001341626,44.17740000644699,44.17740000644699,,False
05_short_04.jpg,onnx_cuda,17,False,9.972200001357123,8.072299999184906,0.6241999799385667,18.67099999799393,43.962900002952665,43.962900002952665,,False
05_short_04.jpg,onnx_cuda,18,False,10.064100002637133,8.16219998523593,0.6252999883145094,18.853699992178008,44.180500000948086,44.180500000948086,,False
05_short_04.jpg,onnx_cuda,19,False,9.993199986638501,8.117499994114041,0.6236000044737011,18.73650000197813,44.18759999680333,44.18759999680333,,False
05_short_06.jpg,onnx_cuda,0,False,10.169399989536032,7.937799993669614,0.5623000033665448,18.671700003324077,44.21290001482703,44.21290001482703,,False
05_short_06.jpg,onnx_cuda,1,False,10.172499984037131,8.059199986746535,0.5668000085279346,18.801099999109283,44.290299993008375,44.290299993008375,,False
05_short_06.jpg,onnx_cuda,2,False,10.184999991906807,7.872699992731214,0.5579999997280538,18.61790000111796,44.057599996449426,44.057599996449426,,False
05_short_06.jpg,onnx_cuda,3,False,10.732499998994172,8.18429997889325,0.5760999920312315,19.495299988193437,44.925900001544505,44.925900001544505,,False
05_short_06.jpg,onnx_cuda,4,False,10.10449999012053,7.825899985618889,0.5683999916072935,18.501199985621497,44.052000012015924,44.052000012015924,,False
05_short_06.jpg,onnx_cuda,5,False,10.139599995454773,7.851500005926937,0.5736999737564474,18.566599988844246,44.404299987945706,44.404299987945706,,False
05_short_06.jpg,onnx_cuda,6,False,10.099100007209927,7.825599983334541,0.5754000158049166,18.50210002157837,43.86829998111352,43.86829998111352,,False
05_short_06.jpg,onnx_cuda,7,False,10.081499989610165,7.909099978860468,0.5690999969374388,18.56169998063706,44.201399985468015,44.201399985468015,,False
05_short_06.jpg,onnx_cuda,8,False,9.99500000034459,7.876600022427738,0.5714000144507736,18.444899993482977,43.85650000767782,43.85650000767782,,False
05_short_06.jpg,onnx_cuda,9,False,9.989899990614504,7.902999990619719,0.5673000123351812,18.46240001032129,43.906600010814145,43.906600010814145,,False
05_short_06.jpg,onnx_cuda,10,False,10.115499986568466,7.974599982844666,0.5649000231642276,18.658099987078458,44.0080999978818,44.0080999978818,,False
05_short_06.jpg,onnx_cuda,11,False,10.052099998574704,7.886800012784079,0.5677000153809786,18.508500012103468,43.87359999236651,43.87359999236651,,False
05_short_06.jpg,onnx_cuda,12,False,10.289199999533594,7.868599990615621,0.5621000018436462,18.722300010267645,44.12850001244806,44.12850001244806,,False
05_short_06.jpg,onnx_cuda,13,False,10.066299990285188,7.81549999373965,0.5602000164799392,18.443899985868484,44.136300013633445,44.136300013633445,,False
05_short_06.jpg,onnx_cuda,14,False,11.306700005661696,8.133800001814961,0.7067999977152795,20.14990002498962,45.63809998217039,45.63809998217039,,False
05_short_06.jpg,onnx_cuda,15,False,9.5028999785427,8.97699999040924,0.5808999994769692,19.06379999127239,49.9318000220228,49.9318000220228,,False
05_short_06.jpg,onnx_cuda,16,False,9.71199999912642,8.210800006054342,0.5686999938916415,18.494300020392984,44.30710000451654,44.30710000451654,,False
05_short_06.jpg,onnx_cuda,17,False,9.629900014260784,8.093700016615912,0.5673000123351812,18.295099987881258,43.796899990411475,43.796899990411475,,False
05_short_06.jpg,onnx_cuda,18,False,9.69700000132434,8.228399994550273,0.5597000126726925,18.488400004571304,44.02179998578504,44.02179998578504,,False
05_short_06.jpg,onnx_cuda,19,False,9.56090001272969,8.19480000063777,0.5655999993905425,18.323500000406057,43.878500000573695,43.878500000573695,,False
07_missing_hole_03.jpg,onnx_cuda,0,False,9.283999999752268,9.683000011136755,4.462199984118342,23.43279999331571,48.71679999632761,48.71679999632761,,False
07_missing_hole_03.jpg,onnx_cuda,1,False,8.992700022645295,8.22280001011677,0.8055000216700137,18.024700024398044,42.55329997977242,42.55329997977242,,False
07_missing_hole_03.jpg,onnx_cuda,2,False,9.407500008819625,8.139300014590845,0.8096999954432249,18.3588000072632,42.829599988181144,42.829599988181144,,False
07_missing_hole_03.jpg,onnx_cuda,3,False,9.096399997361004,8.075299992924556,0.807800010079518,17.982899997150525,42.58830001344904,42.58830001344904,,False
07_missing_hole_03.jpg,onnx_cuda,4,False,9.192800003802404,8.115899981930852,0.807800010079518,18.119000014849007,42.66969999298453,42.66969999298453,,False
07_missing_hole_03.jpg,onnx_cuda,5,False,9.230200026649982,8.084800007054582,0.8050999895203859,18.12299998709932,42.43339999811724,42.43339999811724,,False
07_missing_hole_03.jpg,onnx_cuda,6,False,9.35500001651235,8.071400021435693,0.8154000097420067,18.24470001156442,42.75809999671765,42.75809999671765,,False
07_missing_hole_03.jpg,onnx_cuda,7,False,9.181300003547221,8.058699982939288,0.7939999923110008,18.036199995549396,42.47210000175983,42.47210000175983,,False
07_missing_hole_03.jpg,onnx_cuda,8,False,9.104900003876537,8.723100007046014,0.8107000030577183,18.642299983184785,43.29130001133308,43.29130001133308,,False
07_missing_hole_03.jpg,onnx_cuda,9,False,10.189599997829646,8.443300001090392,0.9111000108532608,19.547100004274398,44.486099999630824,44.486099999630824,,False
07_missing_hole_03.jpg,onnx_cuda,10,False,11.388299986720085,8.796600013738498,0.8376000041607767,21.028099989052862,46.36840001330711,46.36840001330711,,False
07_missing_hole_03.jpg,onnx_cuda,11,False,12.121699983254075,8.515899971826002,0.8305000083055347,21.471999993082136,46.99219999019988,46.99219999019988,,False
07_missing_hole_03.jpg,onnx_cuda,12,False,11.246599984588102,9.526999987429008,0.8978999976534396,21.681499987607822,48.70149999624118,48.70149999624118,,False
07_missing_hole_03.jpg,onnx_cuda,13,False,9.752099984325469,8.284400013508275,0.8371999720111489,18.87849997729063,43.754100013757125,43.754100013757125,,False
07_missing_hole_03.jpg,onnx_cuda,14,False,9.948699997039512,8.290599973406643,0.8362000226043165,19.07879998907447,43.9489999844227,43.9489999844227,,False
07_missing_hole_03.jpg,onnx_cuda,15,False,10.244600009173155,7.9474999802187085,0.8168000204022974,19.01180000277236,44.152699992991984,44.152699992991984,,False
07_missing_hole_03.jpg,onnx_cuda,16,False,10.281800001394004,8.19169997703284,0.8113000076264143,19.287000002805144,44.112499977927655,44.112499977927655,,False
07_missing_hole_03.jpg,onnx_cuda,17,False,14.045799995074049,8.057400002144277,0.8202999888453633,22.926699981326237,49.090599990449846,49.090599990449846,,False
07_missing_hole_03.jpg,onnx_cuda,18,False,11.101400014013052,8.108400012133643,0.8430999878328294,20.055500004673377,45.463899994501844,45.463899994501844,,False
07_missing_hole_03.jpg,onnx_cuda,19,False,11.866899993037805,8.849399979226291,0.8409000001847744,21.560599998338148,48.284899996360764,48.284899996360764,,False
09_open_circuit_05.jpg,onnx_cuda,0,False,12.002700008451939,8.23780000791885,0.6443999882321805,20.887099992251024,50.96100000082515,50.96100000082515,,False
09_open_circuit_05.jpg,onnx_cuda,1,False,13.214000005973503,8.381999999983236,0.6712999893352389,22.270899993600324,50.8341999957338,50.8341999957338,,False
09_open_circuit_05.jpg,onnx_cuda,2,False,11.200000008102506,8.062099979724735,0.6384000007528812,19.903400010662153,49.17020001448691,49.17020001448691,,False
09_open_circuit_05.jpg,onnx_cuda,3,False,11.614799994276837,8.081999985734,0.6333999917842448,20.332899992354214,49.007599998731166,49.007599998731166,,False
09_open_circuit_05.jpg,onnx_cuda,4,False,11.693500011460856,7.992400001967326,0.6349000032059848,20.323500008089468,48.462699982337654,48.462699982337654,,False
09_open_circuit_05.jpg,onnx_cuda,5,False,10.897600004682317,8.082299988018349,0.6310000026132911,19.61330001358874,48.1881000159774,48.1881000159774,,False
09_open_circuit_05.jpg,onnx_cuda,6,False,12.21280000754632,8.262500021373853,0.6386000022757798,21.11729999887757,49.619800003711134,49.619800003711134,,False
09_open_circuit_05.jpg,onnx_cuda,7,False,10.692100011510774,7.95620001736097,0.6396999815478921,19.29060000111349,48.01090000546537,48.01090000546537,,False
09_open_circuit_05.jpg,onnx_cuda,8,False,10.759700002381578,9.479700005613267,0.6378999969456345,20.87999999639578,49.503899994306266,49.503899994306266,,False
09_open_circuit_05.jpg,onnx_cuda,9,False,10.604399984003976,9.570800000801682,0.6373999931383878,20.81519999774173,49.37340001924895,49.37340001924895,,False
09_open_circuit_05.jpg,onnx_cuda,10,False,12.358700012555346,9.62009999784641,0.6577000021934509,22.639900009380654,52.29039999539964,52.29039999539964,,False
09_open_circuit_05.jpg,onnx_cuda,11,False,11.452400009147823,9.575400006724522,0.6350000039674342,21.666300017386675,50.72450000443496,50.72450000443496,,False
09_open_circuit_05.jpg,onnx_cuda,12,False,11.95070001995191,9.367000020574778,0.6392000068444759,21.959400008199736,50.13769998913631,50.13769998913631,,False
09_open_circuit_05.jpg,onnx_cuda,13,False,11.37880000169389,9.4970999925863,0.6599999906029552,21.53800000087358,50.55660000653006,50.55660000653006,,False
09_open_circuit_05.jpg,onnx_cuda,14,False,11.241600004723296,10.065800015581772,0.6602000212296844,21.972599992295727,52.88569998810999,52.88569998810999,,False
09_open_circuit_05.jpg,onnx_cuda,15,False,10.053599980892614,9.348699997644871,0.6232000014279038,20.027899998240173,48.11609999160282,48.11609999160282,,False
09_open_circuit_05.jpg,onnx_cuda,16,False,10.395799996331334,9.412199986400083,0.6235000037122518,20.433500001672655,47.96580001129769,47.96580001129769,,False
09_open_circuit_05.jpg,onnx_cuda,17,False,10.161299986066297,9.327599982498214,0.6281000096350908,20.119699998758733,48.57010001433082,48.57010001433082,,False
09_open_circuit_05.jpg,onnx_cuda,18,False,10.081299988087267,9.333099995274097,0.6359999824780971,20.053199987160042,47.78630001237616,47.78630001237616,,False
09_open_circuit_05.jpg,onnx_cuda,19,False,10.180599987506866,9.508699993602931,0.6271000020205975,20.31859999988228,48.22330002207309,48.22330002207309,,False
09_short_05.jpg,onnx_cuda,0,False,10.874700004933402,8.025500021176413,0.9172999998554587,19.820099987555295,48.04740002145991,48.04740002145991,,False
09_short_05.jpg,onnx_cuda,1,False,10.523100005229935,7.910599990282208,0.891500007128343,19.32740001939237,47.4642000044696,47.4642000044696,,False
09_short_05.jpg,onnx_cuda,2,False,11.146899982122704,8.37860000319779,0.9772999910637736,20.50809998763725,48.878699977649376,48.878699977649376,,False
09_short_05.jpg,onnx_cuda,3,False,9.499100007815287,8.272300008684397,0.8904999995138496,18.66669999435544,49.36249999445863,49.36249999445863,,False
09_short_05.jpg,onnx_cuda,4,False,9.487200004514307,8.097400015685707,0.8772999863140285,18.464900000253692,46.19500000262633,46.19500000262633,,False
09_short_05.jpg,onnx_cuda,5,False,9.49699999182485,8.064599998760968,0.8834000036586076,18.449399998644367,46.071200020378456,46.071200020378456,,False
09_short_05.jpg,onnx_cuda,6,False,9.474299993598834,8.140699996147305,0.8893999911379069,18.507500004488975,46.13560001598671,46.13560001598671,,False
09_short_05.jpg,onnx_cuda,7,False,9.49270001729019,8.11630001408048,0.8789999992586672,18.490900023607537,46.099200000753626,46.099200000753626,,False
09_short_05.jpg,onnx_cuda,8,False,9.602399979485199,8.07480001822114,0.8787999977357686,18.55839998461306,45.860700018238276,45.860700018238276,,False
09_short_05.jpg,onnx_cuda,9,False,9.57110000308603,8.088700007647276,0.8746999956201762,18.537000025389716,46.000000002095476,46.000000002095476,,False
09_short_05.jpg,onnx_cuda,10,False,9.44680001703091,8.055900019826367,0.877600017702207,18.383300019195303,45.89430001215078,45.89430001215078,,False
09_short_05.jpg,onnx_cuda,11,False,9.260699996957555,8.1666000187397,0.8798999770078808,18.311599997105077,46.04819999076426,46.04819999076426,,False
09_short_05.jpg,onnx_cuda,12,False,9.2984999937471,8.13249999191612,0.8712999988347292,18.30510000581853,45.823599997675046,45.823599997675046,,False
09_short_05.jpg,onnx_cuda,13,False,9.275799995521083,8.135599986417219,0.8853999897837639,18.30060000065714,45.900900004198775,45.900900004198775,,False
09_short_05.jpg,onnx_cuda,14,False,9.271399991121143,8.085399982519448,0.8741999918129295,18.233599985251203,45.72799999732524,45.72799999732524,,False
09_short_05.jpg,onnx_cuda,15,False,9.4319999916479,8.133199997246265,0.8845000120345503,18.454200006090105,45.89589999523014,45.89589999523014,,False
09_short_05.jpg,onnx_cuda,16,False,9.52230000984855,8.049100026255473,0.8823999960441142,18.45649999449961,45.94460001681,45.94460001681,,False
09_short_05.jpg,onnx_cuda,17,False,9.652900014771149,8.104000007733703,0.8956999809015542,18.65759998327121,46.648999996250495,46.648999996250495,,False
09_short_05.jpg,onnx_cuda,18,False,9.41249998868443,8.101899991743267,0.8827999990899116,18.399399996269494,46.0752000217326,46.0752000217326,,False
09_short_05.jpg,onnx_cuda,19,False,9.820899984333664,8.09550000121817,0.8821999945212156,18.802600010531023,46.40550000476651,46.40550000476651,,False
10_open_circuit_06.jpg,onnx_cuda,0,False,9.778999985428527,9.782799985259771,0.8588999917265028,20.42519999668002,41.15440000896342,41.15440000896342,,False
10_open_circuit_06.jpg,onnx_cuda,1,False,9.761099994648248,9.584400017047301,0.7889000116847456,20.138799998676404,40.604099980555475,40.604099980555475,,False
10_open_circuit_06.jpg,onnx_cuda,2,False,9.509600000455976,9.788499999558553,0.7917000039014965,20.09370000450872,40.22970001096837,40.22970001096837,,False
10_open_circuit_06.jpg,onnx_cuda,3,False,9.56370000494644,9.774500009370968,0.818900007288903,20.159900013823062,40.380299993557855,40.380299993557855,,False
10_open_circuit_06.jpg,onnx_cuda,4,False,9.668399987276644,9.64090001070872,0.7945999968796968,20.108900003833696,40.641300001880154,40.641300001880154,,False
10_open_circuit_06.jpg,onnx_cuda,5,False,10.109900002134964,9.841699997195974,0.7859999896027148,20.741300017107278,41.24529997352511,41.24529997352511,,False
10_open_circuit_06.jpg,onnx_cuda,6,False,9.682699979748577,9.640100004617125,0.7879000040702522,20.11439998750575,40.47000000718981,40.47000000718981,,False
10_open_circuit_06.jpg,onnx_cuda,7,False,9.532500000204891,9.691799990832806,0.7874000002630055,20.017000002553686,40.13810001197271,40.13810001197271,,False
10_open_circuit_06.jpg,onnx_cuda,8,False,9.653300017816946,9.64240002213046,0.7852000126149505,20.083700015675277,40.20289998152293,40.20289998152293,,False
10_open_circuit_06.jpg,onnx_cuda,9,False,9.520299994619563,9.729899989906698,0.7828999951016158,20.036200003232807,40.03880001255311,40.03880001255311,,False
10_open_circuit_06.jpg,onnx_cuda,10,False,9.754500002600253,9.726199990836903,0.7923999801278114,20.277799980249256,40.56769999442622,40.56769999442622,,False
10_open_circuit_06.jpg,onnx_cuda,11,False,9.51780000468716,9.636800008593127,0.7856999873183668,19.942999992053956,40.15620000427589,40.15620000427589,,False
10_open_circuit_06.jpg,onnx_cuda,12,False,9.517099999357015,9.714500018162653,0.7784999907016754,20.01370000652969,40.09799999766983,40.09799999766983,,False
10_open_circuit_06.jpg,onnx_cuda,13,False,9.604099992429838,9.686300007160753,0.7867999956943095,20.08159999968484,40.069100010441616,40.069100010441616,,False
10_open_circuit_06.jpg,onnx_cuda,14,False,9.84969999990426,9.75040000048466,0.7971999875735492,20.40019998094067,40.69570000865497,40.69570000865497,,False
10_open_circuit_06.jpg,onnx_cuda,15,False,9.687399986432865,9.752799989655614,0.7940999930724502,20.236399985151365,40.343500004382804,40.343500004382804,,False
10_open_circuit_06.jpg,onnx_cuda,16,False,9.485499991569668,9.858300007181242,0.8077999809756875,20.15450000180863,40.338799997698516,40.338799997698516,,False
10_open_circuit_06.jpg,onnx_cuda,17,False,9.779299987712875,8.136499993270263,0.7914000016171485,18.70970000163652,38.78259999328293,38.78259999328293,,False
10_open_circuit_06.jpg,onnx_cuda,18,False,9.542199986753985,9.333800000604242,0.7925000099930912,19.673100003274158,39.75460000219755,39.75460000219755,,False
10_open_circuit_06.jpg,onnx_cuda,19,False,9.649500017985702,8.127800014335662,0.7908999978099018,18.572499975562096,38.592199998674914,38.592199998674914,,False
11_short_02.jpg,onnx_cuda,0,False,10.499500000150874,8.323199988808483,0.8616000122856349,19.687199994223192,41.22869999264367,41.22869999264367,,False
11_short_02.jpg,onnx_cuda,1,False,9.837999998126179,8.129299996653572,0.8541999850422144,18.8239999988582,40.53330002352595,40.53330002352595,,False
11_short_02.jpg,onnx_cuda,2,False,9.894699993310496,8.241300005465746,0.8505000150762498,18.9910999906715,40.57830001693219,40.57830001693219,,False
11_short_02.jpg,onnx_cuda,3,False,9.731800004374236,8.123200008412823,0.8586000185459852,18.716100021265447,40.48600001260638,40.48600001260638,,False
11_short_02.jpg,onnx_cuda,4,False,9.878100012429059,8.116400014841929,0.8517999958712608,18.849300016881898,40.48950001015328,40.48950001015328,,False
11_short_02.jpg,onnx_cuda,5,False,9.90450000972487,8.12799998675473,0.8511999913025647,18.888399994466454,40.535900014219806,40.535900014219806,,False
11_short_02.jpg,onnx_cuda,6,False,9.89419998950325,8.085999987088144,0.8506000158376992,18.83429998997599,40.5828999937512,40.5828999937512,,False
11_short_02.jpg,onnx_cuda,7,False,9.802699991269037,8.23040000977926,0.8639000006951392,18.90060000005178,40.5674000212457,40.5674000212457,,False
11_short_02.jpg,onnx_cuda,8,False,9.805600013351068,8.0704000138212,0.8530000050086528,18.73340000747703,40.380499995080754,40.380499995080754,,False
11_short_02.jpg,onnx_cuda,9,False,9.749899996677414,8.1355000147596,0.8613000100012869,18.750599992927164,40.52479998790659,40.52479998790659,,False
11_short_02.jpg,onnx_cuda,10,False,9.770800010301173,8.142500009853393,0.8581999863963574,18.774500000290573,40.46550000202842,40.46550000202842,,False
11_short_02.jpg,onnx_cuda,11,False,9.822199994232506,8.187700004782528,0.8509999897796661,18.865799997001886,40.49939999822527,40.49939999822527,,False
11_short_02.jpg,onnx_cuda,12,False,9.606200008420274,8.285599993541837,0.9700999944470823,18.86390001163818,40.72640000958927,40.72640000958927,,False
11_short_02.jpg,onnx_cuda,13,False,9.815800003707409,8.127900015097111,0.8484999998472631,18.796200020005926,40.43300001649186,40.43300001649186,,False
11_short_02.jpg,onnx_cuda,14,False,9.80219998746179,8.177699986845255,0.8887999865692109,18.87119997991249,40.68360000383109,40.68360000383109,,False
11_short_02.jpg,onnx_cuda,15,False,9.932199987815693,8.137799974065274,0.8607000054325908,18.934599997010082,40.709399996558204,40.709399996558204,,False
11_short_02.jpg,onnx_cuda,16,False,9.676599991507828,8.062999986577779,0.8484999998472631,18.59130000229925,40.30120000243187,40.30120000243187,,False
11_short_02.jpg,onnx_cuda,17,False,9.818799997447059,8.080400002654642,0.8533000072930008,18.7556000018958,40.41919999872334,40.41919999872334,,False
11_short_02.jpg,onnx_cuda,18,False,9.757100022397935,8.099700004095212,0.853499979712069,18.71390000451356,40.24929998558946,40.24929998558946,,False
11_short_02.jpg,onnx_cuda,19,False,9.852199989836663,8.129699999699369,0.8645999769214541,18.849299987778068,40.559599990956485,40.559599990956485,,False
12_open_circuit_03.jpg,onnx_cuda,0,False,10.395599994808435,8.203999983379617,0.7227000023704022,19.325300003401935,48.92810000455938,48.92810000455938,,False
12_open_circuit_03.jpg,onnx_cuda,1,False,10.139200021512806,8.093900018138811,0.7138000219129026,18.950100027723238,48.16099998424761,48.16099998424761,,False
12_open_circuit_03.jpg,onnx_cuda,2,False,10.212000022875145,8.097200014162809,0.7144999981392175,19.02550001977943,48.32959998748265,48.32959998748265,,False
12_open_circuit_03.jpg,onnx_cuda,3,False,10.21860001492314,8.171599998604506,0.7112000021152198,19.104700011666864,48.36580000119284,48.36580000119284,,False
12_open_circuit_03.jpg,onnx_cuda,4,False,10.324199975002557,8.253400010289624,0.7233999785967171,19.30369998444803,48.98200000752695,48.98200000752695,,False
12_open_circuit_03.jpg,onnx_cuda,5,False,10.224199999356642,8.090599993010983,0.7217999955173582,19.04009998543188,48.354600003222004,48.354600003222004,,False
12_open_circuit_03.jpg,onnx_cuda,6,False,10.190100001636893,8.168300002580509,0.7186000002548099,19.07989999745041,48.536600021179765,48.536600021179765,,False
12_open_circuit_03.jpg,onnx_cuda,7,False,10.133100004168227,8.15629999851808,0.7234999793581665,19.017499987967312,48.566500016022474,48.566500016022474,,False
12_open_circuit_03.jpg,onnx_cuda,8,False,10.333399986848235,8.168300002580509,0.7137999928090721,19.21930001117289,48.55810001026839,48.55810001026839,,False
12_open_circuit_03.jpg,onnx_cuda,9,False,10.181399993598461,8.088899980066344,0.7138999935705215,18.987299990840256,48.801899974932894,48.801899974932894,,False
12_open_circuit_03.jpg,onnx_cuda,10,False,10.889099998166785,8.13829997787252,0.7248000183608383,19.756800000322983,48.83250000420958,48.83250000420958,,False
12_open_circuit_03.jpg,onnx_cuda,11,False,10.402999992948025,8.09700001263991,0.7148000004235655,19.216899992898107,48.441799997817725,48.441799997817725,,False
12_open_circuit_03.jpg,onnx_cuda,12,False,10.27060000342317,8.12959999893792,0.7115000043995678,19.115100003546104,48.22610001428984,48.22610001428984,,False
12_open_circuit_03.jpg,onnx_cuda,13,False,10.193099995376542,8.22740001603961,0.7205000147223473,19.144999998388812,48.623900016536936,48.623900016536936,,False
12_open_circuit_03.jpg,onnx_cuda,14,False,10.70320000872016,8.060499996645376,0.7271999784279615,19.493800005875528,48.73169999336824,48.73169999336824,,False
12_open_circuit_03.jpg,onnx_cuda,15,False,10.976099991239607,8.284100011223927,0.7169999880716205,19.981299992650747,49.352900008670986,49.352900008670986,,False
12_open_circuit_03.jpg,onnx_cuda,16,False,10.308000026270747,8.136599994031712,0.7222999993246049,19.169399980455637,48.41239997767843,48.41239997767843,,False
12_open_circuit_03.jpg,onnx_cuda,17,False,10.235399997327477,8.124599989969283,0.7110000005923212,19.073600007686764,48.30590001074597,48.30590001074597,,False
12_open_circuit_03.jpg,onnx_cuda,18,False,10.265699995215982,8.13400000333786,0.7125000120140612,19.116599985864013,48.34649999975227,48.34649999975227,,False
12_open_circuit_03.jpg,onnx_cuda,19,False,10.215399990556762,8.273899991763756,0.7489999989047647,19.240900001022965,48.44990000128746,48.44990000128746,,False
12_short_03.jpg,onnx_cuda,0,False,10.352899989811704,8.189899992430583,0.8496000082232058,19.39440000569448,48.835800000233576,48.835800000233576,,False
12_short_03.jpg,onnx_cuda,1,False,10.198600008152425,8.225099998526275,0.8373000018764287,19.263299996964633,48.54079999495298,48.54079999495298,,False
12_short_03.jpg,onnx_cuda,2,False,10.219899995718151,8.124699990730733,0.8410000009462237,19.187900004908442,48.8265999883879,48.8265999883879,,False
12_short_03.jpg,onnx_cuda,3,False,10.377700004028156,8.111500006634742,0.8354999881703407,19.32749999104999,48.554299981333315,48.554299981333315,,False
12_short_03.jpg,onnx_cuda,4,False,10.490400018170476,8.23320000199601,0.842399982502684,19.57049997872673,48.72500000055879,48.72500000055879,,False
12_short_03.jpg,onnx_cuda,5,False,10.25580000714399,8.067600021604449,0.8390999864786863,19.165700010489672,48.429799993755296,48.429799993755296,,False
12_short_03.jpg,onnx_cuda,6,False,11.278400023002177,8.22729998617433,0.8771999855525792,20.388100005220622,49.82919999747537,49.82919999747537,,False
12_short_03.jpg,onnx_cuda,7,False,10.46459999633953,8.177299983799458,0.8458000083919615,19.489600002998486,48.72819999582134,48.72819999582134,,False
12_short_03.jpg,onnx_cuda,8,False,10.18610000028275,8.10580002143979,0.8387000125367194,19.13520001107827,48.364699992816895,48.364699992816895,,False
12_short_03.jpg,onnx_cuda,9,False,10.483999998541549,8.152499998686835,0.8397999918088317,19.47860000655055,48.73410001164302,48.73410001164302,,False
12_short_03.jpg,onnx_cuda,10,False,10.204199992585927,8.081599982688203,0.8498000097461045,19.139100011670962,48.35699999239296,48.35699999239296,,False
12_short_03.jpg,onnx_cuda,11,False,10.479099990334362,8.343299996340647,0.846099981572479,19.670799985760823,49.024300009477884,49.024300009477884,,False
12_short_03.jpg,onnx_cuda,12,False,10.17419999698177,8.3738999965135,0.8433999901171774,19.393499998841435,48.953099991194904,48.953099991194904,,False
12_short_03.jpg,onnx_cuda,13,False,10.216700000455603,8.447700005490333,0.8437999931629747,19.511999998940155,48.994199984008446,48.994199984008446,,False
12_short_03.jpg,onnx_cuda,14,False,10.30300001730211,8.48069999483414,0.8462000114377588,19.633200019598007,49.210700002731755,49.210700002731755,,False
12_short_03.jpg,onnx_cuda,15,False,10.225800011539832,8.444500010227785,0.8495999791193753,19.52289999462664,49.132400017697364,49.132400017697364,,False
12_short_03.jpg,onnx_cuda,16,False,10.541099996771663,8.36209999397397,0.8448000007774681,19.750800012843683,49.22600000281818,49.22600000281818,,False
12_short_03.jpg,onnx_cuda,17,False,11.589599977014586,8.493800007272512,0.8623999892733991,20.950699981767684,50.45039998367429,50.45039998367429,,False
12_short_03.jpg,onnx_cuda,18,False,10.338299995055422,8.347099996171892,0.8659000159241259,19.555200007744133,49.318900011712685,49.318900011712685,,False
12_short_03.jpg,onnx_cuda,19,False,10.331800003768876,8.370800002012402,0.8542000141460449,19.55850000376813,49.05190001591109,49.05190001591109,,False
01_missing_hole_03.jpg,tensorrt_fp32,0,True,21.876,71.005028,0.2179,101.2501,162.62879999703728,162.62879999703728,10672,False
01_missing_hole_03.jpg,tensorrt_fp32,1,True,11.7037,3.40704,0.0874,18.058,69.07269998919219,69.07269998919219,10672,False
01_missing_hole_03.jpg,tensorrt_fp32,2,True,11.2174,3.391072,0.0865,17.5389,67.70919999689795,67.70919999689795,10672,False
01_missing_hole_03.jpg,tensorrt_fp32,3,True,11.1534,3.36016,0.0866,17.2301,67.79900001129135,67.79900001129135,10672,False
01_missing_hole_03.jpg,tensorrt_fp32,4,True,11.089,3.399584,0.086,17.1582,67.13579999632202,67.13579999632202,10672,False
01_missing_hole_03.jpg,tensorrt_fp32,0,False,11.1406,3.374304,0.0865,17.2749,67.39199999719858,67.39199999719858,10672,False
01_missing_hole_03.jpg,tensorrt_fp32,1,False,10.9405,3.430432,0.0872,17.1935,67.4431000079494,67.4431000079494,10672,False
01_missing_hole_03.jpg,tensorrt_fp32,2,False,10.976,3.346816,0.0853,17.0842,67.35319999279454,67.35319999279454,10672,False
01_missing_hole_03.jpg,tensorrt_fp32,3,False,11.1441,3.321536,0.0862,17.1837,67.20920000225306,67.20920000225306,10672,False
01_missing_hole_03.jpg,tensorrt_fp32,4,False,11.0801,3.336096,0.1098,17.1899,67.62400001753122,67.62400001753122,10672,False
01_missing_hole_03.jpg,tensorrt_fp32,5,False,11.0472,3.35872,0.0872,17.248,67.38809999660589,67.38809999660589,10672,False
01_missing_hole_03.jpg,tensorrt_fp32,6,False,11.0083,3.43776,0.0873,17.2214,67.92790000326931,67.92790000326931,10672,False
01_missing_hole_03.jpg,tensorrt_fp32,7,False,11.9237,3.512448,0.0896,18.7589,70.53609998547472,70.53609998547472,10672,False
01_missing_hole_03.jpg,tensorrt_fp32,8,False,11.1719,3.34496,0.0866,17.2727,67.89609999395907,67.89609999395907,10672,False
01_missing_hole_03.jpg,tensorrt_fp32,9,False,10.8706,3.398528,0.0861,17.3199,68.063600017922,68.063600017922,10672,False
01_missing_hole_03.jpg,tensorrt_fp32,10,False,11.196,3.42352,0.0867,17.6152,67.69429999985732,67.69429999985732,10672,False
01_missing_hole_03.jpg,tensorrt_fp32,11,False,11.2462,3.450304,0.0862,17.6596,67.75050002033822,67.75050002033822,10672,False
01_missing_hole_03.jpg,tensorrt_fp32,12,False,11.0648,3.376192,0.0862,17.4853,67.82970001222566,67.82970001222566,10672,False
01_missing_hole_03.jpg,tensorrt_fp32,13,False,11.0903,3.376192,0.092,17.458,67.95130000682548,67.95130000682548,10672,False
01_missing_hole_03.jpg,tensorrt_fp32,14,False,11.0606,3.42224,0.0863,17.4191,67.69920000806451,67.69920000806451,10672,False
01_missing_hole_03.jpg,tensorrt_fp32,15,False,11.253,3.487264,0.0861,17.6401,68.60379999852739,68.60379999852739,10672,False
01_missing_hole_03.jpg,tensorrt_fp32,16,False,11.0361,3.331136,0.09,17.1423,67.20940000377595,67.20940000377595,10672,False
01_missing_hole_03.jpg,tensorrt_fp32,17,False,11.0121,3.460544,0.0888,17.2746,67.17889997526072,67.17889997526072,10672,False
01_missing_hole_03.jpg,tensorrt_fp32,18,False,11.0858,3.393824,0.0861,17.42,67.58959998842329,67.58959998842329,10672,False
01_missing_hole_03.jpg,tensorrt_fp32,19,False,10.9121,3.320064,0.0865,17.0032,67.42020000820048,67.42020000820048,10672,False
01_open_circuit_02.jpg,tensorrt_fp32,0,False,11.2382,3.421984,0.083,17.3824,68.9604000071995,68.9604000071995,10672,False
01_open_circuit_02.jpg,tensorrt_fp32,1,False,9.7509,3.357312,0.0832,16.1435,67.17660001595505,67.17660001595505,10672,False
01_open_circuit_02.jpg,tensorrt_fp32,2,False,11.0874,3.410048,0.0833,17.4273,67.55080001312308,67.55080001312308,10672,False
01_open_circuit_02.jpg,tensorrt_fp32,3,False,11.6753,3.440608,0.0827,18.0665,69.00150000001304,69.00150000001304,10672,False
01_open_circuit_02.jpg,tensorrt_fp32,4,False,11.0061,3.398784,0.0827,17.3263,67.41049999254756,67.41049999254756,10672,False
01_open_circuit_02.jpg,tensorrt_fp32,5,False,11.067,3.43968,0.0832,17.452,67.55770000745542,67.55770000745542,10672,False
01_open_circuit_02.jpg,tensorrt_fp32,6,False,11.1038,3.330304,0.0824,17.1801,67.28680001106113,67.28680001106113,10672,False
01_open_circuit_02.jpg,tensorrt_fp32,7,False,10.9499,3.415968,0.0828,17.2935,67.39129999186844,67.39129999186844,10672,False
01_open_circuit_02.jpg,tensorrt_fp32,8,False,11.1068,3.33232,0.0875,17.1856,67.59469999815337,67.59469999815337,10672,False
01_open_circuit_02.jpg,tensorrt_fp32,9,False,11.0186,3.339296,0.0824,17.1094,67.32900001225062,67.32900001225062,10672,False
01_open_circuit_02.jpg,tensorrt_fp32,10,False,11.1171,3.37888,0.0827,17.4145,67.58399997488596,67.58399997488596,10672,False
01_open_circuit_02.jpg,tensorrt_fp32,11,False,11.1864,3.468288,0.0827,17.5235,68.51539999479428,68.51539999479428,10672,False
01_open_circuit_02.jpg,tensorrt_fp32,12,False,11.1463,3.376032,0.0893,17.3343,67.51540000550449,67.51540000550449,10672,False
01_open_circuit_02.jpg,tensorrt_fp32,13,False,10.9658,3.3264,0.0821,17.0375,67.31980000040494,67.31980000040494,10672,False
01_open_circuit_02.jpg,tensorrt_fp32,14,False,11.2344,3.333056,0.0901,17.3283,67.62649997835979,67.62649997835979,10672,False
01_open_circuit_02.jpg,tensorrt_fp32,15,False,11.2821,3.39856,0.0832,17.4201,67.36650000675581,67.36650000675581,10672,False
01_open_circuit_02.jpg,tensorrt_fp32,16,False,9.9707,3.443808,0.1214,16.5754,66.8788000184577,66.8788000184577,10672,False
01_open_circuit_02.jpg,tensorrt_fp32,17,False,12.0704,3.359584,0.0835,18.7424,69.62769999518059,69.62769999518059,10672,False
01_open_circuit_02.jpg,tensorrt_fp32,18,False,11.0247,3.37088,0.1109,17.4002,68.239199987147,68.239199987147,10672,False
01_open_circuit_02.jpg,tensorrt_fp32,19,False,11.205,3.407552,0.0828,17.3762,68.49870001315139,68.49870001315139,10672,False
01_short_02.jpg,tensorrt_fp32,0,False,11.2432,3.430784,0.087,17.6283,68.06709998636506,68.06709998636506,10672,False
01_short_02.jpg,tensorrt_fp32,1,False,11.0573,3.34144,0.0863,17.3318,67.81279999995604,67.81279999995604,10672,False
01_short_02.jpg,tensorrt_fp32,2,False,11.5248,3.376896,0.0876,17.9266,69.14040000992827,69.14040000992827,10672,False
01_short_02.jpg,tensorrt_fp32,3,False,11.0726,3.32608,0.0868,17.1844,67.95109997619875,67.95109997619875,10672,False
01_short_02.jpg,tensorrt_fp32,4,False,11.0538,3.41056,0.0867,17.3919,67.48139997944236,67.48139997944236,10672,False
01_short_02.jpg,tensorrt_fp32,5,False,10.9349,3.334432,0.0872,17.0844,66.948699997738,66.948699997738,10672,False
01_short_02.jpg,tensorrt_fp32,6,False,11.1313,3.378688,0.0861,17.3004,67.50010000541806,67.50010000541806,10672,False
01_short_02.jpg,tensorrt_fp32,7,False,11.1776,3.39536,0.0864,17.2912,67.39380001090467,67.39380001090467,10672,False
01_short_02.jpg,tensorrt_fp32,8,False,10.9798,3.359232,0.0858,17.0883,67.26020001224242,67.26020001224242,10672,False
01_short_02.jpg,tensorrt_fp32,9,False,11.1789,3.337696,0.0863,17.2947,67.43749999441206,67.43749999441206,10672,False
01_short_02.jpg,tensorrt_fp32,10,False,11.0774,3.34896,0.0866,17.1708,67.59330001659691,67.59330001659691,10672,False
01_short_02.jpg,tensorrt_fp32,11,False,10.0669,3.345472,0.0856,16.2031,65.1796999736689,65.1796999736689,10672,False
01_short_02.jpg,tensorrt_fp32,12,False,11.1223,3.330176,0.0857,17.2079,67.29080001241527,67.29080001241527,10672,False
01_short_02.jpg,tensorrt_fp32,13,False,11.2157,3.337088,0.086,17.3848,68.21050000144169,68.21050000144169,10672,False
01_short_02.jpg,tensorrt_fp32,14,False,11.2312,3.430752,0.0871,17.4356,67.81879998743534,67.81879998743534,10672,False
01_short_02.jpg,tensorrt_fp32,15,False,11.118,3.420704,0.0859,17.2691,68.1058999907691,68.1058999907691,10672,False
01_short_02.jpg,tensorrt_fp32,16,False,11.2154,3.343296,0.0859,17.3046,67.402700020466,67.402700020466,10672,False
01_short_02.jpg,tensorrt_fp32,17,False,11.2198,3.406656,0.0862,17.4192,67.40729999728501,67.40729999728501,10672,False
01_short_02.jpg,tensorrt_fp32,18,False,11.1253,3.373408,0.0912,17.3851,67.83819998963736,67.83819998963736,10672,False
01_short_02.jpg,tensorrt_fp32,19,False,11.1649,3.32976,0.0865,17.331,67.30120000429451,67.30120000429451,10672,False
04_missing_hole_04.jpg,tensorrt_fp32,0,False,11.4618,3.401632,0.0859,17.6752,89.33049999177456,89.33049999177456,10672,False
04_missing_hole_04.jpg,tensorrt_fp32,1,False,11.4974,3.334496,0.0865,17.5953,88.50539999548346,88.50539999548346,10672,False
04_missing_hole_04.jpg,tensorrt_fp32,2,False,11.6607,3.418496,0.0867,17.7853,88.4127999888733,88.4127999888733,10672,False
04_missing_hole_04.jpg,tensorrt_fp32,3,False,11.5567,3.355936,0.0868,17.845,88.49009999539703,88.49009999539703,10672,False
04_missing_hole_04.jpg,tensorrt_fp32,4,False,10.1898,3.325344,0.0862,16.278,85.77990002231672,85.77990002231672,10672,False
04_missing_hole_04.jpg,tensorrt_fp32,5,False,11.685,3.34576,0.091,17.8044,87.53089999663644,87.53089999663644,10672,False
04_missing_hole_04.jpg,tensorrt_fp32,6,False,11.5446,3.330176,0.0869,17.6727,88.1377000187058,88.1377000187058,10672,False
04_missing_hole_04.jpg,tensorrt_fp32,7,False,11.4682,3.331488,0.0869,17.5419,88.07050000177696,88.07050000177696,10672,False
04_missing_hole_04.jpg,tensorrt_fp32,8,False,11.8804,3.390176,0.0855,17.9709,88.29419998801313,88.29419998801313,10672,False
04_missing_hole_04.jpg,tensorrt_fp32,9,False,11.4176,3.341088,0.0885,17.5163,88.10820002690889,88.10820002690889,10672,False
04_missing_hole_04.jpg,tensorrt_fp32,10,False,11.9849,3.376672,0.0867,18.1253,88.83500000229105,88.83500000229105,10672,False
04_missing_hole_04.jpg,tensorrt_fp32,11,False,11.4415,3.416256,0.086,17.6473,88.26520000002347,88.26520000002347,10672,False
04_missing_hole_04.jpg,tensorrt_fp32,12,False,11.4025,3.315552,0.0858,17.4821,87.98259997274727,87.98259997274727,10672,False
04_missing_hole_04.jpg,tensorrt_fp32,13,False,11.4253,3.33824,0.0861,17.5218,87.84990001004189,87.84990001004189,10672,False
04_missing_hole_04.jpg,tensorrt_fp32,14,False,12.5173,3.424032,0.0877,18.8348,89.21710000140592,89.21710000140592,10672,False
04_missing_hole_04.jpg,tensorrt_fp32,15,False,11.5832,3.380736,0.086,17.6951,88.84739998029545,88.84739998029545,10672,False
04_missing_hole_04.jpg,tensorrt_fp32,16,False,11.6887,3.438048,0.0862,17.9703,87.43440001853742,87.43440001853742,10672,False
04_missing_hole_04.jpg,tensorrt_fp32,17,False,11.5847,3.348864,0.111,17.7275,88.55780001613311,88.55780001613311,10672,False
04_missing_hole_04.jpg,tensorrt_fp32,18,False,11.5452,3.321056,0.0865,17.643,88.49929997813888,88.49929997813888,10672,False
04_missing_hole_04.jpg,tensorrt_fp32,19,False,11.4023,3.34112,0.088,17.56,89.20610000495799,89.20610000495799,10672,False
04_open_circuit_02.jpg,tensorrt_fp32,0,False,11.7448,3.421664,0.0863,17.973,89.80019998853095,89.80019998853095,10672,False
04_open_circuit_02.jpg,tensorrt_fp32,1,False,11.6578,3.477312,0.0826,17.8969,88.77740000025369,88.77740000025369,10672,False
04_open_circuit_02.jpg,tensorrt_fp32,2,False,11.5153,3.326944,0.0846,17.5938,88.26680001220666,88.26680001220666,10672,False
04_open_circuit_02.jpg,tensorrt_fp32,3,False,11.5343,3.332768,0.0819,17.6325,88.12559998477809,88.12559998477809,10672,False
04_open_circuit_02.jpg,tensorrt_fp32,4,False,11.6171,3.330816,0.0827,17.6969,88.25699999579228,88.25699999579228,10672,False
04_open_circuit_02.jpg,tensorrt_fp32,5,False,11.4909,3.334688,0.0858,17.6168,88.3427000080701,88.3427000080701,10672,False
04_open_circuit_02.jpg,tensorrt_fp32,6,False,11.5501,4.20752,0.0827,18.664,89.81760000460781,89.81760000460781,10672,False
04_open_circuit_02.jpg,tensorrt_fp32,7,False,10.1477,3.3672,0.083,16.2825,84.9232999898959,84.9232999898959,10672,False
04_open_circuit_02.jpg,tensorrt_fp32,8,False,11.5305,3.33488,0.0822,17.6301,88.13609997741878,88.13609997741878,10672,False
04_open_circuit_02.jpg,tensorrt_fp32,9,False,11.5792,3.40016,0.0822,17.7872,88.35819998057559,88.35819998057559,10672,False
04_open_circuit_02.jpg,tensorrt_fp32,10,False,11.4544,3.434624,0.0826,17.8195,88.48639999632724,88.48639999632724,10672,False
04_open_circuit_02.jpg,tensorrt_fp32,11,False,11.5416,3.358496,0.0821,17.6616,88.25119998073205,88.25119998073205,10672,False
04_open_circuit_02.jpg,tensorrt_fp32,12,False,11.5508,3.325824,0.0826,17.6436,88.17319999798201,88.17319999798201,10672,False
04_open_circuit_02.jpg,tensorrt_fp32,13,False,11.5295,3.418528,0.082,17.6862,88.58979999786243,88.58979999786243,10672,False
04_open_circuit_02.jpg,tensorrt_fp32,14,False,11.4125,3.364384,0.0836,17.6135,88.12649999163114,88.12649999163114,10672,False
04_open_circuit_02.jpg,tensorrt_fp32,15,False,11.4653,3.387776,0.0827,17.617,87.91409997502342,87.91409997502342,10672,False
04_open_circuit_02.jpg,tensorrt_fp32,16,False,11.527,3.324,0.0821,17.6232,88.12820000457577,88.12820000457577,10672,False
04_open_circuit_02.jpg,tensorrt_fp32,17,False,11.6254,3.335008,0.082,17.7161,88.32159999292344,88.32159999292344,10672,False
04_open_circuit_02.jpg,tensorrt_fp32,18,False,10.2324,3.31296,0.0825,16.2954,85.56199999293312,85.56199999293312,10672,False
04_open_circuit_02.jpg,tensorrt_fp32,19,False,11.697,3.390176,0.0821,17.817,87.426999991294,87.426999991294,10672,False
04_open_circuit_03.jpg,tensorrt_fp32,0,False,11.9555,3.417376,0.0828,18.1052,89.76610001991503,89.76610001991503,10672,False
04_open_circuit_03.jpg,tensorrt_fp32,1,False,11.5613,3.363296,0.0825,17.6801,88.5427999892272,88.5427999892272,10672,False
04_open_circuit_03.jpg,tensorrt_fp32,2,False,12.0271,3.381504,0.0831,18.4759,89.40919997985475,89.40919997985475,10672,False
04_open_circuit_03.jpg,tensorrt_fp32,3,False,11.4089,3.453984,0.0835,17.8257,88.37519999360666,88.37519999360666,10672,False
04_open_circuit_03.jpg,tensorrt_fp32,4,False,11.6176,3.324928,0.0827,17.704,88.46009999979287,88.46009999979287,10672,False
04_open_circuit_03.jpg,tensorrt_fp32,5,False,11.5883,3.428128,0.0837,17.7317,88.36039999732748,88.36039999732748,10672,False
04_open_circuit_03.jpg,tensorrt_fp32,6,False,11.4866,3.336992,0.0822,17.5785,88.10110000194982,88.10110000194982,10672,False
04_open_circuit_03.jpg,tensorrt_fp32,7,False,11.4926,3.369376,0.0829,17.6111,88.06899999035522,88.06899999035522,10672,False
04_open_circuit_03.jpg,tensorrt_fp32,8,False,11.4488,3.31984,0.0829,17.5305,88.37550002499484,88.37550002499484,10672,False
04_open_circuit_03.jpg,tensorrt_fp32,9,False,10.5922,3.347104,0.0826,16.7929,88.38800000376068,88.38800000376068,10672,False
04_open_circuit_03.jpg,tensorrt_fp32,10,False,11.3808,3.394368,0.0826,17.5423,88.13700001337565,88.13700001337565,10672,False
04_open_circuit_03.jpg,tensorrt_fp32,11,False,11.2872,3.407584,0.0829,17.3942,88.16390001447871,88.16390001447871,10672,False
04_open_circuit_03.jpg,tensorrt_fp32,12,False,11.72,3.323712,0.0829,17.822,88.97549999528565,88.97549999528565,10672,False
04_open_circuit_03.jpg,tensorrt_fp32,13,False,11.4774,3.334784,0.083,17.72,88.3134999894537,88.3134999894537,10672,False
04_open_circuit_03.jpg,tensorrt_fp32,14,False,11.5807,3.348704,0.0834,17.7356,88.22730000247248,88.22730000247248,10672,False
04_open_circuit_03.jpg,tensorrt_fp32,15,False,11.701,3.362656,0.0823,17.7813,89.48409999720752,89.48409999720752,10672,False
04_open_circuit_03.jpg,tensorrt_fp32,16,False,11.5012,3.357952,0.0825,17.6393,88.5071000084281,88.5071000084281,10672,False
04_open_circuit_03.jpg,tensorrt_fp32,17,False,11.7902,3.39088,0.083,17.9091,88.7829999846872,88.7829999846872,10672,False
04_open_circuit_03.jpg,tensorrt_fp32,18,False,11.5512,3.33312,0.0863,17.6862,88.38580001611263,88.38580001611263,10672,False
04_open_circuit_03.jpg,tensorrt_fp32,19,False,11.5612,3.365568,0.0827,17.6931,88.30619999207556,88.30619999207556,10672,False
04_short_02.jpg,tensorrt_fp32,0,False,11.797,3.391232,0.0837,17.9113,88.67530000861734,88.67530000861734,10672,False
04_short_02.jpg,tensorrt_fp32,1,False,10.6066,3.380832,0.085,16.8761,86.50599999236874,86.50599999236874,10672,False
04_short_02.jpg,tensorrt_fp32,2,False,11.4999,3.348864,0.0839,17.7854,88.23439999832772,88.23439999832772,10672,False
04_short_02.jpg,tensorrt_fp32,3,False,11.877,3.429344,0.0841,18.1719,89.3342999916058,89.3342999916058,10672,False
04_short_02.jpg,tensorrt_fp32,4,False,11.6088,3.344576,0.0851,17.8834,88.4846999833826,88.4846999833826,10672,False
04_short_02.jpg,tensorrt_fp32,5,False,11.6985,3.38048,0.0846,17.8545,87.98209999804385,87.98209999804385,10672,False
04_short_02.jpg,tensorrt_fp32,6,False,11.4212,3.3616,0.0843,17.7216,88.35209999233484,88.35209999233484,10672,False
04_short_02.jpg,tensorrt_fp32,7,False,11.6863,3.37232,0.0839,17.7782,88.52360001765192,88.52360001765192,10672,False
04_short_02.jpg,tensorrt_fp32,8,False,11.8012,3.357888,0.084,18.0379,88.42919999733567,88.42919999733567,10672,False
04_short_02.jpg,tensorrt_fp32,9,False,11.9161,3.440896,0.0843,18.2316,89.49689997825772,89.49689997825772,10672,False
04_short_02.jpg,tensorrt_fp32,10,False,11.3903,3.366176,0.0848,17.672,88.39659998193383,88.39659998193383,10672,False
04_short_02.jpg,tensorrt_fp32,11,False,11.392,3.358176,0.0905,17.6752,88.98739999858662,88.98739999858662,10672,False
04_short_02.jpg,tensorrt_fp32,12,False,10.6817,3.377536,0.085,17.0021,86.04439999908209,86.04439999908209,10672,False
04_short_02.jpg,tensorrt_fp32,13,False,11.4389,3.35936,0.0846,17.7104,88.27990002464503,88.27990002464503,10672,False
04_short_02.jpg,tensorrt_fp32,14,False,11.4561,3.392544,0.084,17.7712,88.049999991199,88.049999991199,10672,False
04_short_02.jpg,tensorrt_fp32,15,False,11.7807,3.400992,0.0899,18.6878,89.14529997855425,89.14529997855425,10672,False
04_short_02.jpg,tensorrt_fp32,16,False,11.3965,3.384448,0.089,17.7951,88.85299999383278,88.85299999383278,10672,False
04_short_02.jpg,tensorrt_fp32,17,False,11.3756,3.369568,0.0842,17.6767,87.90340000996366,87.90340000996366,10672,False
04_short_02.jpg,tensorrt_fp32,18,False,11.7692,3.390944,0.0842,18.06,88.60820002155378,88.60820002155378,10672,False
04_short_02.jpg,tensorrt_fp32,19,False,11.4147,3.399232,0.0841,17.7562,88.16240000305697,88.16240000305697,10672,False
04_short_03.jpg,tensorrt_fp32,0,False,11.4869,3.424736,0.0869,17.6631,88.85660002124496,88.85660002124496,10672,False
04_short_03.jpg,tensorrt_fp32,1,False,11.4285,4.255744,0.0876,18.6433,89.567499991972,89.567499991972,10672,False
04_short_03.jpg,tensorrt_fp32,2,False,11.4133,3.36144,0.0868,17.7235,88.59109997865744,88.59109997865744,10672,False
04_short_03.jpg,tensorrt_fp32,3,False,10.2443,3.330624,0.0864,16.5038,86.24679999775253,86.24679999775253,10672,False
04_short_03.jpg,tensorrt_fp32,4,False,11.7864,3.331904,0.0875,18.0598,87.81919998000376,87.81919998000376,10672,False
04_short_03.jpg,tensorrt_fp32,5,False,11.581,3.439776,0.0867,17.8107,87.93249999871477,87.93249999871477,10672,False
04_short_03.jpg,tensorrt_fp32,6,False,11.4109,3.360128,0.0855,17.6898,88.33969998522662,88.33969998522662,10672,False
04_short_03.jpg,tensorrt_fp32,7,False,11.483,3.392384,0.0863,17.8371,88.05000002030283,88.05000002030283,10672,False
04_short_03.jpg,tensorrt_fp32,8,False,11.3495,3.474048,0.0854,17.7349,89.15030001662672,89.15030001662672,10672,False
04_short_03.jpg,tensorrt_fp32,9,False,12.0191,3.368512,0.0869,18.3677,88.9309000049252,88.9309000049252,10672,False
04_short_03.jpg,tensorrt_fp32,10,False,11.4934,3.370336,0.0868,17.6776,88.32320000510663,88.32320000510663,10672,False
04_short_03.jpg,tensorrt_fp32,11,False,11.4509,3.34736,0.0869,17.7334,88.02329999161884,88.02329999161884,10672,False
04_short_03.jpg,tensorrt_fp32,12,False,11.3069,3.363872,0.086,17.587,88.06829998502508,88.06829998502508,10672,False
04_short_03.jpg,tensorrt_fp32,13,False,11.5125,3.39376,0.0864,17.8378,88.11270000296645,88.11270000296645,10672,False
04_short_03.jpg,tensorrt_fp32,14,False,11.3807,3.410656,0.0861,17.5892,89.27359999506734,89.27359999506734,10672,False
04_short_03.jpg,tensorrt_fp32,15,False,10.6531,3.376416,0.087,16.9577,85.30990002327599,85.30990002327599,10672,False
04_short_03.jpg,tensorrt_fp32,16,False,11.5318,3.415648,0.0859,17.9038,88.38850000756793,88.38850000756793,10672,False
04_short_03.jpg,tensorrt_fp32,17,False,11.6929,3.353856,0.0861,17.953,88.34919999935664,88.34919999935664,10672,False
04_short_03.jpg,tensorrt_fp32,18,False,11.3483,3.36848,0.0866,17.6504,88.04259999305941,88.04259999305941,10672,False
04_short_03.jpg,tensorrt_fp32,19,False,11.8177,3.367872,0.0903,18.1533,88.60839999397285,88.60839999397285,10672,False
05_open_circuit_03.jpg,tensorrt_fp32,0,False,11.5553,3.426656,0.0897,17.8979,71.04989999788813,71.04989999788813,10672,False
05_open_circuit_03.jpg,tensorrt_fp32,1,False,11.6449,3.410368,0.0885,17.9894,69.80959998327307,69.80959998327307,10672,False
05_open_circuit_03.jpg,tensorrt_fp32,2,False,11.3024,3.37056,0.0885,17.6405,68.86639998992905,68.86639998992905,10672,False
05_open_circuit_03.jpg,tensorrt_fp32,3,False,11.4236,3.358016,0.0903,17.7403,69.62059999932535,69.62059999932535,10672,False
05_open_circuit_03.jpg,tensorrt_fp32,4,False,11.4408,3.362752,0.0889,17.7583,69.4939999957569,69.4939999957569,10672,False
05_open_circuit_03.jpg,tensorrt_fp32,5,False,11.3346,3.366336,0.0889,17.6382,69.27519998862408,69.27519998862408,10672,False
05_open_circuit_03.jpg,tensorrt_fp32,6,False,11.3949,3.351808,0.0895,17.6705,69.1703999764286,69.1703999764286,10672,False
05_open_circuit_03.jpg,tensorrt_fp32,7,False,11.7044,3.359456,0.0892,18.0016,69.17699999758042,69.17699999758042,10672,False
05_open_circuit_03.jpg,tensorrt_fp32,8,False,10.2865,3.405536,0.09,16.6191,68.00270001986064,68.00270001986064,10672,False
05_open_circuit_03.jpg,tensorrt_fp32,9,False,11.5676,3.393728,0.0902,17.889,69.92979999631643,69.92979999631643,10672,False
05_open_circuit_03.jpg,tensorrt_fp32,10,False,11.5295,3.410336,0.0892,17.7848,68.9933999965433,68.9933999965433,10672,False
05_open_circuit_03.jpg,tensorrt_fp32,11,False,11.4448,3.360224,0.0891,17.7528,68.99699999485165,68.99699999485165,10672,False
05_open_circuit_03.jpg,tensorrt_fp32,12,False,11.4515,3.413408,0.0884,17.8074,69.1606999898795,69.1606999898795,10672,False
05_open_circuit_03.jpg,tensorrt_fp32,13,False,11.378,3.429952,0.0907,17.893,69.36739999218844,69.36739999218844,10672,False
05_open_circuit_03.jpg,tensorrt_fp32,14,False,11.3564,3.3632,0.0888,17.6476,69.06420001178049,69.06420001178049,10672,False
05_open_circuit_03.jpg,tensorrt_fp32,15,False,11.3826,3.822048,0.0902,18.2146,69.84149999334477,69.84149999334477,10672,False
05_open_circuit_03.jpg,tensorrt_fp32,16,False,11.4793,3.425696,0.0902,17.8165,69.91029999335296,69.91029999335296,10672,False
05_open_circuit_03.jpg,tensorrt_fp32,17,False,11.4326,3.381536,0.0887,17.743,69.1895000054501,69.1895000054501,10672,False
05_open_circuit_03.jpg,tensorrt_fp32,18,False,11.3758,3.399328,0.0892,17.74,69.09150001592934,69.09150001592934,10672,False
05_open_circuit_03.jpg,tensorrt_fp32,19,False,11.5033,3.338208,0.0897,17.7691,69.14570002118126,69.14570002118126,10672,False
05_open_circuit_04.jpg,tensorrt_fp32,0,False,11.5295,3.493152,0.0919,17.7985,71.26419999985956,71.26419999985956,10672,False
05_open_circuit_04.jpg,tensorrt_fp32,1,False,11.5095,3.347936,0.0914,17.7558,69.56480001099408,69.56480001099408,10672,False
05_open_circuit_04.jpg,tensorrt_fp32,2,False,10.0085,3.412832,0.0919,16.4221,67.71709999884479,67.71709999884479,10672,False
05_open_circuit_04.jpg,tensorrt_fp32,3,False,11.7991,3.462624,0.0924,18.1375,70.18800001242198,70.18800001242198,10672,False
05_open_circuit_04.jpg,tensorrt_fp32,4,False,11.4776,3.328416,0.0916,17.5488,69.89449998945929,69.89449998945929,10672,False
05_open_circuit_04.jpg,tensorrt_fp32,5,False,11.4751,3.39232,0.0931,17.7023,69.3172000173945,69.3172000173945,10672,False
05_open_circuit_04.jpg,tensorrt_fp32,6,False,11.5713,3.4136,0.0929,17.8594,69.56840000930242,69.56840000930242,10672,False
05_open_circuit_04.jpg,tensorrt_fp32,7,False,12.1597,3.423264,0.0934,18.6886,70.53609998547472,70.53609998547472,10672,False
05_open_circuit_04.jpg,tensorrt_fp32,8,False,11.6848,3.341856,0.0927,17.9447,69.73429999197833,69.73429999197833,10672,False
05_open_circuit_04.jpg,tensorrt_fp32,9,False,11.398,3.397152,0.0917,17.7488,69.19869998819195,69.19869998819195,10672,False
05_open_circuit_04.jpg,tensorrt_fp32,10,False,11.6471,3.347584,0.0915,17.6975,69.22669999767095,69.22669999767095,10672,False
05_open_circuit_04.jpg,tensorrt_fp32,11,False,11.4879,3.407936,0.0928,17.6317,69.32880001841113,69.32880001841113,10672,False
05_open_circuit_04.jpg,tensorrt_fp32,12,False,11.5305,3.369056,0.0968,17.6809,69.12570001441054,69.12570001441054,10672,False
05_open_circuit_04.jpg,tensorrt_fp32,13,False,11.3302,3.337952,0.0969,17.4212,68.99260001955554,68.99260001955554,10672,False
05_open_circuit_04.jpg,tensorrt_fp32,14,False,11.5482,3.350368,0.0921,17.6916,69.19850001577288,69.19850001577288,10672,False
05_open_circuit_04.jpg,tensorrt_fp32,15,False,11.6491,3.331488,0.0926,17.7646,69.19930002186447,69.19930002186447,10672,False
05_open_circuit_04.jpg,tensorrt_fp32,16,False,11.2205,3.432736,0.0927,17.4843,68.9618999895174,68.9618999895174,10672,False
05_open_circuit_04.jpg,tensorrt_fp32,17,False,11.4759,3.428672,0.0972,17.7201,69.45680000353605,69.45680000353605,10672,False
05_open_circuit_04.jpg,tensorrt_fp32,18,False,11.3518,3.44784,0.0926,17.6195,69.63340000947937,69.63340000947937,10672,False
05_open_circuit_04.jpg,tensorrt_fp32,19,False,12.0957,3.488256,0.0932,18.4382,70.33190000220202,70.33190000220202,10672,False
05_open_circuit_06.jpg,tensorrt_fp32,0,False,11.711,3.40352,0.0833,18.0125,69.62660001590848,69.62660001590848,10672,False
05_open_circuit_06.jpg,tensorrt_fp32,1,False,11.4784,3.33904,0.0832,17.5716,68.81059997249395,68.81059997249395,10672,False
05_open_circuit_06.jpg,tensorrt_fp32,2,False,11.4327,3.372384,0.0833,17.6018,69.03600000077859,69.03600000077859,10672,False
05_open_circuit_06.jpg,tensorrt_fp32,3,False,11.5276,3.329504,0.083,17.5984,69.1637999843806,69.1637999843806,10672,False
05_open_circuit_06.jpg,tensorrt_fp32,4,False,11.4499,3.37136,0.0833,17.6032,69.9956999742426,69.9956999742426,10672,False
05_open_circuit_06.jpg,tensorrt_fp32,5,False,11.3438,3.372128,0.0834,17.4765,68.80400000954978,68.80400000954978,10672,False
05_open_circuit_06.jpg,tensorrt_fp32,6,False,11.479,3.436448,0.0833,17.7413,69.25600001704879,69.25600001704879,10672,False
05_open_circuit_06.jpg,tensorrt_fp32,7,False,11.3265,3.3848,0.0826,17.462,68.81719999364577,68.81719999364577,10672,False
05_open_circuit_06.jpg,tensorrt_fp32,8,False,11.3529,3.40352,0.0837,17.5809,68.71500000124797,68.71500000124797,10672,False
05_open_circuit_06.jpg,tensorrt_fp32,9,False,11.4024,3.362528,0.0911,17.555,68.91490000998601,68.91490000998601,10672,False
05_open_circuit_06.jpg,tensorrt_fp32,10,False,11.5768,3.421632,0.0833,17.7804,69.37260000267997,69.37260000267997,10672,False
05_open_circuit_06.jpg,tensorrt_fp32,11,False,10.1379,3.340704,0.0833,16.4114,66.59299999591894,66.59299999591894,10672,False
05_open_circuit_06.jpg,tensorrt_fp32,12,False,11.3232,3.400288,0.0833,17.5428,69.07280001905747,69.07280001905747,10672,False
05_open_circuit_06.jpg,tensorrt_fp32,13,False,11.2995,3.352256,0.0829,17.4076,68.58630001079291,68.58630001079291,10672,False
05_open_circuit_06.jpg,tensorrt_fp32,14,False,11.4227,3.742432,0.0976,18.1975,69.4593999942299,69.4593999942299,10672,False
05_open_circuit_06.jpg,tensorrt_fp32,15,False,11.2798,3.373856,0.0832,17.4526,68.81850000354461,68.81850000354461,10672,False
05_open_circuit_06.jpg,tensorrt_fp32,16,False,11.3911,3.35792,0.0869,17.5291,68.79739998839796,68.79739998839796,10672,False
05_open_circuit_06.jpg,tensorrt_fp32,17,False,11.186,3.43712,0.0836,17.5971,68.95459999213926,68.95459999213926,10672,False
05_open_circuit_06.jpg,tensorrt_fp32,18,False,11.3567,3.3192,0.0828,17.4433,68.54740000562742,68.54740000562742,10672,False
05_open_circuit_06.jpg,tensorrt_fp32,19,False,11.2912,3.371776,0.0841,17.5269,68.86780000058934,68.86780000058934,10672,False
05_short_03.jpg,tensorrt_fp32,0,False,11.3556,3.436512,0.0906,17.561,69.8874999943655,69.8874999943655,10672,False
05_short_03.jpg,tensorrt_fp32,1,False,11.3753,3.377888,0.0949,17.5653,69.44469999871217,69.44469999871217,10672,False
05_short_03.jpg,tensorrt_fp32,2,False,11.8665,3.448064,0.0905,18.0106,69.31980000808835,69.31980000808835,10672,False
05_short_03.jpg,tensorrt_fp32,3,False,11.3661,3.330272,0.0906,17.4536,68.8568000041414,68.8568000041414,10672,False
05_short_03.jpg,tensorrt_fp32,4,False,11.5375,3.408384,0.091,17.7792,69.31719998829067,69.31719998829067,10672,False
05_short_03.jpg,tensorrt_fp32,5,False,10.4682,3.350656,0.0916,16.5878,68.04240000201389,68.04240000201389,10672,False
05_short_03.jpg,tensorrt_fp32,6,False,11.5015,3.435712,0.0905,17.7216,68.71740001952276,68.71740001952276,10672,False
05_short_03.jpg,tensorrt_fp32,7,False,11.6935,3.331488,0.091,17.7724,69.32599999709055,69.32599999709055,10672,False
05_short_03.jpg,tensorrt_fp32,8,False,11.371,3.368768,0.0913,17.5238,68.82129999576136,68.82129999576136,10672,False
05_short_03.jpg,tensorrt_fp32,9,False,11.5759,3.370976,0.0903,17.7506,69.23530000494793,69.23530000494793,10672,False
05_short_03.jpg,tensorrt_fp32,10,False,11.6395,3.42256,0.0907,17.7598,69.15830000070855,69.15830000070855,10672,False
05_short_03.jpg,tensorrt_fp32,11,False,11.2346,3.361856,0.0909,17.3422,68.56459999107756,68.56459999107756,10672,False
05_short_03.jpg,tensorrt_fp32,12,False,11.3718,3.375872,0.0909,17.7049,68.98109999019653,68.98109999019653,10672,False
05_short_03.jpg,tensorrt_fp32,13,False,11.4057,3.352096,0.0909,17.5626,68.98939999518916,68.98939999518916,10672,False
05_short_03.jpg,tensorrt_fp32,14,False,11.4823,3.332096,0.1149,17.565,69.33120000758208,69.33120000758208,10672,False
05_short_03.jpg,tensorrt_fp32,15,False,11.2886,3.414848,0.0912,17.5317,68.96100001176819,68.96100001176819,10672,False
05_short_03.jpg,tensorrt_fp32,16,False,11.3629,3.369088,0.0911,17.5456,69.13000001804903,69.13000001804903,10672,False
05_short_03.jpg,tensorrt_fp32,17,False,11.2823,3.374976,0.0909,17.4909,69.02070000069216,69.02070000069216,10672,False
05_short_03.jpg,tensorrt_fp32,18,False,11.495,3.382816,0.0904,17.5856,69.0032999846153,69.0032999846153,10672,False
05_short_03.jpg,tensorrt_fp32,19,False,11.4276,3.412832,0.0907,17.6815,69.08079999266192,69.08079999266192,10672,False
05_short_04.jpg,tensorrt_fp32,0,False,10.2404,3.508672,0.0918,16.674,67.23190000047907,67.23190000047907,10672,False
05_short_04.jpg,tensorrt_fp32,1,False,11.2895,3.404544,0.0912,17.5061,69.40019998000935,69.40019998000935,10672,False
05_short_04.jpg,tensorrt_fp32,2,False,11.3705,3.449984,0.0903,17.6078,69.39319998491555,69.39319998491555,10672,False
05_short_04.jpg,tensorrt_fp32,3,False,11.3031,3.336576,0.0904,17.4521,68.63510000403039,68.63510000403039,10672,False
05_short_04.jpg,tensorrt_fp32,4,False,11.6023,3.32928,0.0943,17.6977,69.21079999301583,69.21079999301583,10672,False
05_short_04.jpg,tensorrt_fp32,5,False,11.4051,3.458272,0.091,17.6649,69.22299999860115,69.22299999860115,10672,False
05_short_04.jpg,tensorrt_fp32,6,False,11.4152,3.418304,0.0925,17.7223,69.26170000224374,69.26170000224374,10672,False
05_short_04.jpg,tensorrt_fp32,7,False,11.5665,3.32208,0.0913,17.6855,68.69990000268444,68.69990000268444,10672,False
05_short_04.jpg,tensorrt_fp32,8,False,11.6649,3.417888,0.0907,18.0119,69.22500001383014,69.22500001383014,10672,False
05_short_04.jpg,tensorrt_fp32,9,False,11.5221,3.425056,0.0912,17.7266,69.24059998709708,69.24059998709708,10672,False
05_short_04.jpg,tensorrt_fp32,10,False,11.369,3.39168,0.0916,17.6528,69.20600001467392,69.20600001467392,10672,False
05_short_04.jpg,tensorrt_fp32,11,False,11.3553,3.3648,0.0945,17.5335,69.01959999231622,69.01959999231622,10672,False
05_short_04.jpg,tensorrt_fp32,12,False,11.4097,3.365536,0.0915,17.7801,69.24439998692833,69.24439998692833,10672,False
05_short_04.jpg,tensorrt_fp32,13,False,11.1921,3.370336,0.0909,17.373,68.71130000217818,68.71130000217818,10672,False
05_short_04.jpg,tensorrt_fp32,14,False,10.4314,3.43632,0.0906,16.7136,68.26659999205731,68.26659999205731,10672,False
05_short_04.jpg,tensorrt_fp32,15,False,11.3194,3.459808,0.0915,17.6248,68.44449997879565,68.44449997879565,10672,False
05_short_04.jpg,tensorrt_fp32,16,False,11.4421,3.36896,0.0907,17.5859,69.72359999781474,69.72359999781474,10672,False
05_short_04.jpg,tensorrt_fp32,17,False,11.3324,3.336768,0.0908,17.4246,68.82799998857081,68.82799998857081,10672,False
05_short_04.jpg,tensorrt_fp32,18,False,11.4135,3.333824,0.0956,17.5648,68.99500000872649,68.99500000872649,10672,False
05_short_04.jpg,tensorrt_fp32,19,False,11.3764,3.352832,0.0912,17.4841,69.23320001806132,69.23320001806132,10672,False
05_short_06.jpg,tensorrt_fp32,0,False,11.4164,3.429728,0.0948,17.6313,69.47020001825877,69.47020001825877,10672,False
05_short_06.jpg,tensorrt_fp32,1,False,11.3815,3.394624,0.0903,17.8459,69.70600000931881,69.70600000931881,10672,False
05_short_06.jpg,tensorrt_fp32,2,False,11.3674,3.409088,0.0907,17.5736,69.20859997626394,69.20859997626394,10672,False
05_short_06.jpg,tensorrt_fp32,3,False,11.4173,3.344576,0.0902,17.4782,69.01000000652857,69.01000000652857,10672,False
05_short_06.jpg,tensorrt_fp32,4,False,11.328,3.373984,0.0896,17.4615,68.6954999982845,68.6954999982845,10672,False
05_short_06.jpg,tensorrt_fp32,5,False,11.4925,3.345536,0.0899,17.766,69.18069999665022,69.18069999665022,10672,False
05_short_06.jpg,tensorrt_fp32,6,False,11.475,3.356448,0.0905,17.5851,68.86539998231456,68.86539998231456,10672,False
05_short_06.jpg,tensorrt_fp32,7,False,11.3471,3.33568,0.0899,17.4646,68.76309998915531,68.76309998915531,10672,False
05_short_06.jpg,tensorrt_fp32,8,False,11.4574,3.379104,0.0902,17.5966,69.04180001583882,69.04180001583882,10672,False
05_short_06.jpg,tensorrt_fp32,9,False,10.7517,3.45392,0.0916,16.969,67.00849998742342,67.00849998742342,10672,False
05_short_06.jpg,tensorrt_fp32,10,False,11.4418,3.331328,0.0904,17.648,69.421299995156,69.421299995156,10672,False
05_short_06.jpg,tensorrt_fp32,11,False,11.4412,3.341024,0.0906,17.5393,69.27409998024814,69.27409998024814,10672,False
05_short_06.jpg,tensorrt_fp32,12,False,11.5112,3.340768,0.0903,17.6395,68.9012999937404,68.9012999937404,10672,False
05_short_06.jpg,tensorrt_fp32,13,False,11.4583,3.338624,0.0908,17.5792,68.61109999590553,68.61109999590553,10672,False
05_short_06.jpg,tensorrt_fp32,14,False,11.4471,3.322176,0.0897,17.5404,68.73480000649579,68.73480000649579,10672,False
05_short_06.jpg,tensorrt_fp32,15,False,11.4856,3.403104,0.0925,17.9433,69.36200000927784,69.36200000927784,10672,False
05_short_06.jpg,tensorrt_fp32,16,False,11.567,3.442464,0.0895,18.0076,69.32800001231954,69.32800001231954,10672,False
05_short_06.jpg,tensorrt_fp32,17,False,11.9135,3.499456,0.09,18.3584,70.52939999266528,70.52939999266528,10672,False
05_short_06.jpg,tensorrt_fp32,18,False,11.4884,3.362016,0.0904,17.8225,69.82910001534037,69.82910001534037,10672,False
05_short_06.jpg,tensorrt_fp32,19,False,11.2282,3.38128,0.0908,17.5422,68.832899996778,68.832899996778,10672,False
07_missing_hole_03.jpg,tensorrt_fp32,0,False,11.3859,3.444352,0.0899,17.572,69.3533000012394,69.3533000012394,10672,False
07_missing_hole_03.jpg,tensorrt_fp32,1,False,11.3396,3.345024,0.087,17.4357,67.85769999260083,67.85769999260083,10672,False
07_missing_hole_03.jpg,tensorrt_fp32,2,False,11.1872,3.340224,0.0867,17.2791,67.59240000974387,67.59240000974387,10672,False
07_missing_hole_03.jpg,tensorrt_fp32,3,False,9.7107,3.337728,0.0886,15.9855,66.20539998402819,66.20539998402819,10672,False
07_missing_hole_03.jpg,tensorrt_fp32,4,False,11.3211,3.352864,0.0879,17.4443,66.83379999594763,66.83379999594763,10672,False
07_missing_hole_03.jpg,tensorrt_fp32,5,False,11.4938,3.461088,0.0882,17.9347,69.20290002017282,69.20290002017282,10672,False
07_missing_hole_03.jpg,tensorrt_fp32,6,False,11.1565,3.399104,0.0875,17.4847,68.15400000778027,68.15400000778027,10672,False
07_missing_hole_03.jpg,tensorrt_fp32,7,False,11.3197,3.329664,0.0866,17.4088,67.50010000541806,67.50010000541806,10672,False
07_missing_hole_03.jpg,tensorrt_fp32,8,False,11.3691,3.383776,0.0882,17.5299,67.51019999501295,67.51019999501295,10672,False
07_missing_hole_03.jpg,tensorrt_fp32,9,False,11.1392,3.365152,0.0882,17.5915,67.80750001780689,67.80750001780689,10672,False
07_missing_hole_03.jpg,tensorrt_fp32,10,False,11.3268,3.357088,0.0866,17.5946,67.85610000952147,67.85610000952147,10672,False
07_missing_hole_03.jpg,tensorrt_fp32,11,False,11.5046,3.338656,0.0927,17.7218,67.84110001171939,67.84110001171939,10672,False
07_missing_hole_03.jpg,tensorrt_fp32,12,False,11.1023,3.348544,0.0874,17.2082,67.38960000802763,67.38960000802763,10672,False
07_missing_hole_03.jpg,tensorrt_fp32,13,False,11.3934,3.482464,0.0902,17.641,69.49950000853278,69.49950000853278,10672,False
07_missing_hole_03.jpg,tensorrt_fp32,14,False,11.1563,3.32224,0.0876,17.2417,67.32439997722395,67.32439997722395,10672,False
07_missing_hole_03.jpg,tensorrt_fp32,15,False,11.2006,3.386976,0.0912,17.5233,67.61739999637939,67.61739999637939,10672,False
07_missing_hole_03.jpg,tensorrt_fp32,16,False,11.1957,3.352736,0.0883,17.396,67.55979999434203,67.55979999434203,10672,False
07_missing_hole_03.jpg,tensorrt_fp32,17,False,11.1536,3.40464,0.0881,17.5,67.68979999469593,67.68979999469593,10672,False
07_missing_hole_03.jpg,tensorrt_fp32,18,False,9.7315,3.31264,0.0955,15.8542,65.25970000075176,65.25970000075176,10672,False
07_missing_hole_03.jpg,tensorrt_fp32,19,False,11.4518,3.340224,0.0885,17.7326,68.10249999398366,68.10249999398366,10672,False
09_open_circuit_05.jpg,tensorrt_fp32,0,False,11.3617,3.433408,0.0901,17.773,77.03859999310225,77.03859999310225,10672,False
09_open_circuit_05.jpg,tensorrt_fp32,1,False,11.0977,3.443616,0.09,17.3095,75.13280000421219,75.13280000421219,10672,False
09_open_circuit_05.jpg,tensorrt_fp32,2,False,11.2827,3.345888,0.0892,17.4027,74.09109998843633,74.09109998843633,10672,False
09_open_circuit_05.jpg,tensorrt_fp32,3,False,11.258,3.322688,0.0889,17.3486,73.94170001498424,73.94170001498424,10672,False
09_open_circuit_05.jpg,tensorrt_fp32,4,False,11.3335,3.31472,0.0897,17.4993,73.62670000293292,73.62670000293292,10672,False
09_open_circuit_05.jpg,tensorrt_fp32,5,False,11.2965,3.446624,0.0898,17.6684,74.33979999041185,74.33979999041185,10672,False
09_open_circuit_05.jpg,tensorrt_fp32,6,False,11.1635,3.313568,0.0892,17.2168,73.69540000217967,73.69540000217967,10672,False
09_open_circuit_05.jpg,tensorrt_fp32,7,False,11.3236,3.392224,0.0894,17.4909,73.9725999883376,73.9725999883376,10672,False
09_open_circuit_05.jpg,tensorrt_fp32,8,False,11.3903,3.44064,0.0894,17.7176,74.9659999855794,74.9659999855794,10672,False
09_open_circuit_05.jpg,tensorrt_fp32,9,False,11.2797,3.321824,0.0896,17.3481,74.14899999275804,74.14899999275804,10672,False
09_open_circuit_05.jpg,tensorrt_fp32,10,False,11.3685,3.343488,0.0916,17.5021,73.68219998897985,73.68219998897985,10672,False
09_open_circuit_05.jpg,tensorrt_fp32,11,False,11.1237,3.40768,0.0908,17.3342,74.0728999953717,74.0728999953717,10672,False
09_open_circuit_05.jpg,tensorrt_fp32,12,False,10.1372,3.322528,0.0903,16.2791,71.36010000249371,71.36010000249371,10672,False
09_open_circuit_05.jpg,tensorrt_fp32,13,False,11.2273,3.358976,0.0898,17.3566,73.91619999543764,73.91619999543764,10672,False
09_open_circuit_05.jpg,tensorrt_fp32,14,False,11.2711,3.321728,0.089,17.3094,73.76450000447221,73.76450000447221,10672,False
09_open_circuit_05.jpg,tensorrt_fp32,15,False,11.7393,3.477408,0.0905,18.2052,74.96440000250004,74.96440000250004,10672,False
09_open_circuit_05.jpg,tensorrt_fp32,16,False,11.2561,3.372128,0.095,17.394,74.0337000170257,74.0337000170257,10672,False
09_open_circuit_05.jpg,tensorrt_fp32,17,False,11.2664,3.353856,0.0898,17.558,74.01790001313202,74.01790001313202,10672,False
09_open_circuit_05.jpg,tensorrt_fp32,18,False,11.2427,3.378752,0.0891,17.3841,73.82620000862516,73.82620000862516,10672,False
09_open_circuit_05.jpg,tensorrt_fp32,19,False,11.3268,3.34224,0.0899,17.4405,73.82989997859113,73.82989997859113,10672,False
09_short_05.jpg,tensorrt_fp32,0,False,11.4959,3.397376,0.0971,17.7876,77.45680000516586,77.45680000516586,10672,False
09_short_05.jpg,tensorrt_fp32,1,False,11.5824,3.345216,0.0974,17.761,74.7024999873247,74.7024999873247,10672,False
09_short_05.jpg,tensorrt_fp32,2,False,11.2878,3.350496,0.0964,17.4208,73.40689998818561,73.40689998818561,10672,False
09_short_05.jpg,tensorrt_fp32,3,False,11.1408,3.388064,0.0965,17.299,74.52180000836961,74.52180000836961,10672,False
09_short_05.jpg,tensorrt_fp32,4,False,11.475,3.361504,0.0984,17.6599,73.75529999262653,73.75529999262653,10672,False
09_short_05.jpg,tensorrt_fp32,5,False,9.9221,3.343808,0.0965,16.0538,71.62919998518191,71.62919998518191,10672,False
09_short_05.jpg,tensorrt_fp32,6,False,11.5025,3.330208,0.0972,17.6069,73.89869997859932,73.89869997859932,10672,False
09_short_05.jpg,tensorrt_fp32,7,False,11.1662,3.373824,0.0959,17.368,73.69540000217967,73.69540000217967,10672,False
09_short_05.jpg,tensorrt_fp32,8,False,11.2719,3.317408,0.0975,17.369,73.88599999831058,73.88599999831058,10672,False
09_short_05.jpg,tensorrt_fp32,9,False,11.241,3.37808,0.0974,17.4147,73.7321000196971,73.7321000196971,10672,False
09_short_05.jpg,tensorrt_fp32,10,False,11.3355,3.392032,0.0967,17.4269,74.46219999110326,74.46219999110326,10672,False
09_short_05.jpg,tensorrt_fp32,11,False,11.2894,3.376608,0.096,17.635,73.86880001286045,73.86880001286045,10672,False
09_short_05.jpg,tensorrt_fp32,12,False,11.2724,3.362592,0.0997,17.4603,73.57710000360385,73.57710000360385,10672,False
09_short_05.jpg,tensorrt_fp32,13,False,11.2443,3.33712,0.0965,17.3296,73.74299998627976,73.74299998627976,10672,False
09_short_05.jpg,tensorrt_fp32,14,False,11.1628,3.346816,0.096,17.2506,73.2785000000149,73.2785000000149,10672,False
09_short_05.jpg,tensorrt_fp32,15,False,11.1886,3.3368,0.0964,17.2753,73.45979998353869,73.45979998353869,10672,False
09_short_05.jpg,tensorrt_fp32,16,False,11.3067,3.339616,0.0959,17.4333,73.71680001961067,73.71680001961067,10672,False
09_short_05.jpg,tensorrt_fp32,17,False,11.5879,3.409952,0.0966,17.7286,73.94890001160093,73.94890001160093,10672,False
09_short_05.jpg,tensorrt_fp32,18,False,11.1826,3.324448,0.0968,17.2714,73.81339999847114,73.81339999847114,10672,False
09_short_05.jpg,tensorrt_fp32,19,False,10.2466,3.392992,0.0977,16.6204,71.69680000515655,71.69680000515655,10672,False
10_open_circuit_06.jpg,tensorrt_fp32,0,False,11.462,3.480288,0.0898,17.7077,59.85510000027716,59.85510000027716,10672,False
10_open_circuit_06.jpg,tensorrt_fp32,1,False,11.5503,3.34688,0.0911,17.659,59.00919999112375,59.00919999112375,10672,False
10_open_circuit_06.jpg,tensorrt_fp32,2,False,11.4672,3.330752,0.088,17.5031,59.11750000086613,59.11750000086613,10672,False
10_open_circuit_06.jpg,tensorrt_fp32,3,False,11.5955,3.4344,0.0879,17.8563,59.19179998454638,59.19179998454638,10672,False
10_open_circuit_06.jpg,tensorrt_fp32,4,False,11.5865,3.320896,0.0875,17.6696,58.92370000947267,58.92370000947267,10672,False
10_open_circuit_06.jpg,tensorrt_fp32,5,False,11.4032,3.333184,0.0926,17.4824,58.75850000302307,58.75850000302307,10672,False
10_open_circuit_06.jpg,tensorrt_fp32,6,False,11.8105,3.435968,0.0891,18.3499,60.134500003186986,60.134500003186986,10672,False
10_open_circuit_06.jpg,tensorrt_fp32,7,False,11.397,3.366112,0.0887,17.5385,58.83140000514686,58.83140000514686,10672,False
10_open_circuit_06.jpg,tensorrt_fp32,8,False,11.4343,3.342368,0.0878,17.5108,58.71310000657104,58.71310000657104,10672,False
10_open_circuit_06.jpg,tensorrt_fp32,9,False,11.5609,3.356992,0.0877,17.6693,58.99589997716248,58.99589997716248,10672,False
10_open_circuit_06.jpg,tensorrt_fp32,10,False,11.5851,3.344832,0.0884,17.8502,59.37930001528002,59.37930001528002,10672,False
10_open_circuit_06.jpg,tensorrt_fp32,11,False,11.3854,3.320576,0.0873,17.4328,59.542200004216284,59.542200004216284,10672,False
10_open_circuit_06.jpg,tensorrt_fp32,12,False,11.4267,3.333728,0.0886,17.5048,58.90849998104386,58.90849998104386,10672,False
10_open_circuit_06.jpg,tensorrt_fp32,13,False,11.3583,3.340864,0.0876,17.5029,58.87110001640394,58.87110001640394,10672,False
10_open_circuit_06.jpg,tensorrt_fp32,14,False,11.5664,3.356128,0.0876,17.6555,58.99449999560602,58.99449999560602,10672,False
10_open_circuit_06.jpg,tensorrt_fp32,15,False,10.3859,3.403328,0.088,16.5118,57.68929998157546,57.68929998157546,10672,False
10_open_circuit_06.jpg,tensorrt_fp32,16,False,11.2692,3.350976,0.0876,17.3754,58.230700000422075,58.230700000422075,10672,False
10_open_circuit_06.jpg,tensorrt_fp32,17,False,11.4053,3.338816,0.0889,17.5022,59.002699999837205,59.002699999837205,10672,False
10_open_circuit_06.jpg,tensorrt_fp32,18,False,11.5383,3.38416,0.0886,17.6625,59.061800013296306,59.061800013296306,10672,False
10_open_circuit_06.jpg,tensorrt_fp32,19,False,11.4588,3.324736,0.088,17.6017,59.252999984892085,59.252999984892085,10672,False
11_short_02.jpg,tensorrt_fp32,0,False,11.6106,3.404608,0.0958,17.7606,63.18699999246746,63.18699999246746,10672,False
11_short_02.jpg,tensorrt_fp32,1,False,11.4279,3.345312,0.0957,17.5479,62.67020001541823,62.67020001541823,10672,False
11_short_02.jpg,tensorrt_fp32,2,False,11.6272,3.354336,0.097,17.756,62.41710000904277,62.41710000904277,10672,False
11_short_02.jpg,tensorrt_fp32,3,False,11.4922,3.344672,0.0958,17.6025,62.64049999299459,62.64049999299459,10672,False
11_short_02.jpg,tensorrt_fp32,4,False,11.6022,3.391488,0.0952,17.7022,62.494900019373745,62.494900019373745,10672,False
11_short_02.jpg,tensorrt_fp32,5,False,11.4455,3.331392,0.0968,17.5509,62.57880001794547,62.57880001794547,10672,False
11_short_02.jpg,tensorrt_fp32,6,False,11.9413,3.33696,0.0956,18.0502,62.9315999976825,62.9315999976825,10672,False
11_short_02.jpg,tensorrt_fp32,7,False,11.5064,3.349056,0.0971,17.7808,62.83379998058081,62.83379998058081,10672,False
11_short_02.jpg,tensorrt_fp32,8,False,11.3739,3.326272,0.0961,17.5483,63.663700013421476,63.663700013421476,10672,False
11_short_02.jpg,tensorrt_fp32,9,False,11.6795,3.330336,0.0968,17.7917,62.66580001101829,62.66580001101829,10672,False
11_short_02.jpg,tensorrt_fp32,10,False,11.4677,3.333216,0.097,17.5671,62.53719999222085,62.53719999222085,10672,False
11_short_02.jpg,tensorrt_fp32,11,False,11.4922,3.324992,0.0963,17.5787,62.286100001074374,62.286100001074374,10672,False
11_short_02.jpg,tensorrt_fp32,12,False,11.1683,3.319968,0.1007,17.3023,62.109399994369596,62.109399994369596,10672,False
11_short_02.jpg,tensorrt_fp32,13,False,11.4431,3.382848,0.0997,17.5782,62.82780002220534,62.82780002220534,10672,False
11_short_02.jpg,tensorrt_fp32,14,False,11.515,3.336832,0.0962,17.6394,62.394300010055304,62.394300010055304,10672,False
11_short_02.jpg,tensorrt_fp32,15,False,11.569,3.37568,0.0969,17.8828,62.97379999887198,62.97379999887198,10672,False
11_short_02.jpg,tensorrt_fp32,16,False,11.5415,3.348352,0.0997,17.6759,63.036899984581396,63.036899984581396,10672,False
11_short_02.jpg,tensorrt_fp32,17,False,11.3762,3.444416,0.0966,17.6374,62.50440000439994,62.50440000439994,10672,False
11_short_02.jpg,tensorrt_fp32,18,False,11.3948,3.381088,0.0963,17.5987,62.474200007272884,62.474200007272884,10672,False
11_short_02.jpg,tensorrt_fp32,19,False,11.4354,3.39888,0.1003,17.8068,62.69259998225607,62.69259998225607,10672,False
12_open_circuit_03.jpg,tensorrt_fp32,0,False,12.9698,3.386976,0.1039,19.0809,80.34790001693182,80.34790001693182,10672,False
12_open_circuit_03.jpg,tensorrt_fp32,1,False,11.8925,3.394944,0.1045,18.0431,78.42649999656714,78.42649999656714,10672,False
12_open_circuit_03.jpg,tensorrt_fp32,2,False,11.6561,3.404512,0.1045,17.8613,78.56029999675229,78.56029999675229,10672,False
12_open_circuit_03.jpg,tensorrt_fp32,3,False,11.5742,3.349568,0.1143,17.7385,78.03019997663796,78.03019997663796,10672,False
12_open_circuit_03.jpg,tensorrt_fp32,4,False,11.6334,3.349728,0.1145,17.7876,77.98000000184402,77.98000000184402,10672,False
12_open_circuit_03.jpg,tensorrt_fp32,5,False,11.6977,3.319936,0.103,17.8309,78.0259000021033,78.0259000021033,10672,False
12_open_circuit_03.jpg,tensorrt_fp32,6,False,11.2881,3.439936,0.1196,17.6979,78.15499999560416,78.15499999560416,10672,False
12_open_circuit_03.jpg,tensorrt_fp32,7,False,11.8407,3.336128,0.1041,17.9185,78.16569998976775,78.16569998976775,10672,False
12_open_circuit_03.jpg,tensorrt_fp32,8,False,11.8082,3.41968,0.1044,17.9752,78.24639999307692,78.24639999307692,10672,False
12_open_circuit_03.jpg,tensorrt_fp32,9,False,11.8729,3.325056,0.1031,17.9407,77.93849997688085,77.93849997688085,10672,False
12_open_circuit_03.jpg,tensorrt_fp32,10,False,11.9793,3.467264,0.1044,18.2146,78.37090000975877,78.37090000975877,10672,False
12_open_circuit_03.jpg,tensorrt_fp32,11,False,11.8618,3.324416,0.1044,17.968,77.91720001841895,77.91720001841895,10672,False
12_open_circuit_03.jpg,tensorrt_fp32,12,False,11.6652,3.348256,0.1039,17.8001,77.76080002076924,77.76080002076924,10672,False
12_open_circuit_03.jpg,tensorrt_fp32,13,False,11.8672,3.364352,0.1037,18.1511,78.09210001141764,78.09210001141764,10672,False
12_open_circuit_03.jpg,tensorrt_fp32,14,False,11.7234,3.359616,0.105,17.8663,78.2304999884218,78.2304999884218,10672,False
12_open_circuit_03.jpg,tensorrt_fp32,15,False,11.8196,3.39088,0.1038,17.9588,78.28239997616038,78.28239997616038,10672,False
12_open_circuit_03.jpg,tensorrt_fp32,16,False,11.6567,3.33168,0.1035,17.7668,77.75369999581017,77.75369999581017,10672,False
12_open_circuit_03.jpg,tensorrt_fp32,17,False,11.6597,3.402144,0.1053,18.0617,78.30540000577457,78.30540000577457,10672,False
12_open_circuit_03.jpg,tensorrt_fp32,18,False,11.6909,3.493408,0.1108,18.0422,78.3274999994319,78.3274999994319,10672,False
12_open_circuit_03.jpg,tensorrt_fp32,19,False,11.9526,3.348896,0.1045,18.0826,77.64879998285323,77.64879998285323,10672,False
12_short_03.jpg,tensorrt_fp32,0,False,11.9468,3.410496,0.108,18.1228,79.0156000002753,79.0156000002753,10672,False
12_short_03.jpg,tensorrt_fp32,1,False,11.6482,3.74896,0.1116,18.2509,78.35809999960475,78.35809999960475,10672,False
12_short_03.jpg,tensorrt_fp32,2,False,11.7332,3.434496,0.1072,17.9163,77.90239999303594,77.90239999303594,10672,False
12_short_03.jpg,tensorrt_fp32,3,False,11.7094,3.372256,0.108,17.9152,77.95739997527562,77.95739997527562,10672,False
12_short_03.jpg,tensorrt_fp32,4,False,11.8552,3.368448,0.1139,18.2025,78.4278999781236,78.4278999781236,10672,False
12_short_03.jpg,tensorrt_fp32,5,False,11.8463,3.418976,0.1082,18.2398,78.8491000130307,78.8491000130307,10672,False
12_short_03.jpg,tensorrt_fp32,6,False,11.7392,3.318976,0.1076,17.8285,78.25859999866225,78.25859999866225,10672,False
12_short_03.jpg,tensorrt_fp32,7,False,11.8786,3.36496,0.1073,18.3595,78.57150002382696,78.57150002382696,10672,False
12_short_03.jpg,tensorrt_fp32,8,False,12.162,3.396544,0.1087,18.2914,78.89000000432134,78.89000000432134,10672,False
12_short_03.jpg,tensorrt_fp32,9,False,11.7202,3.34496,0.1073,17.8233,78.16840001032688,78.16840001032688,10672,False
12_short_03.jpg,tensorrt_fp32,10,False,11.7192,3.396992,0.1104,18.0459,78.37259999359958,78.37259999359958,10672,False
12_short_03.jpg,tensorrt_fp32,11,False,10.5324,3.358112,0.1071,16.6749,76.22720001381822,76.22720001381822,10672,False
12_short_03.jpg,tensorrt_fp32,12,False,12.0846,3.442336,0.1081,18.3132,77.5108999805525,77.5108999805525,10672,False
12_short_03.jpg,tensorrt_fp32,13,False,11.5979,3.410176,0.1081,17.9462,78.33779999054968,78.33779999054968,10672,False
12_short_03.jpg,tensorrt_fp32,14,False,11.583,3.420288,0.1087,17.9515,78.22520000627264,78.22520000627264,10672,False
12_short_03.jpg,tensorrt_fp32,15,False,12.8206,3.390368,0.108,19.1237,79.67350000399165,79.67350000399165,10672,False
12_short_03.jpg,tensorrt_fp32,16,False,11.7636,3.330176,0.1084,18.0336,78.4601999912411,78.4601999912411,10672,False
12_short_03.jpg,tensorrt_fp32,17,False,11.6285,3.329216,0.1076,17.9185,78.72910000151023,78.72910000151023,10672,False
12_short_03.jpg,tensorrt_fp32,18,False,11.9209,3.381536,0.108,18.276,78.8071000133641,78.8071000133641,10672,False
12_short_03.jpg,tensorrt_fp32,19,False,11.6332,3.417728,0.1082,17.9769,78.22219998342916,78.22219998342916,10672,False
01_missing_hole_03.jpg,tensorrt_fp16,0,True,11.9953,48.418846,0.093,67.0699,118.67700002039783,118.67700002039783,13804,False
01_missing_hole_03.jpg,tensorrt_fp16,1,True,9.9304,2.03552,0.0858,14.8099,64.2838999920059,64.2838999920059,13804,False
01_missing_hole_03.jpg,tensorrt_fp16,2,True,10.0523,2.5528,0.0858,15.5255,64.32979999226518,64.32979999226518,13804,False
01_missing_hole_03.jpg,tensorrt_fp16,3,True,9.9564,1.948448,0.0865,14.6834,63.4987999801524,63.4987999801524,13804,False
01_missing_hole_03.jpg,tensorrt_fp16,4,True,9.7969,2.15104,0.0858,14.6729,63.620900007663295,63.620900007663295,13804,False
01_missing_hole_03.jpg,tensorrt_fp16,0,False,10.0528,2.03056,0.0869,15.1313,63.81530000362545,63.81530000362545,13804,False
01_missing_hole_03.jpg,tensorrt_fp16,1,False,9.7465,1.945184,0.0859,14.49,63.256199995521456,63.256199995521456,13804,False
01_missing_hole_03.jpg,tensorrt_fp16,2,False,9.5534,2.022752,0.0867,14.3562,63.11899999855086,63.11899999855086,13804,False
01_missing_hole_03.jpg,tensorrt_fp16,3,False,9.5266,2.042912,0.1094,14.3672,63.15929998527281,63.15929998527281,13804,False
01_missing_hole_03.jpg,tensorrt_fp16,4,False,9.8037,2.038144,0.0865,14.6787,63.136399985523894,63.136399985523894,13804,False
01_missing_hole_03.jpg,tensorrt_fp16,5,False,9.6771,1.95472,0.0857,14.397,63.24779998976737,63.24779998976737,13804,False
01_missing_hole_03.jpg,tensorrt_fp16,6,False,9.6969,1.99584,0.0857,14.4542,63.291800004662946,63.291800004662946,13804,False
01_missing_hole_03.jpg,tensorrt_fp16,7,False,10.9384,2.59216,0.087,16.4596,65.3980000060983,65.3980000060983,13804,False
01_missing_hole_03.jpg,tensorrt_fp16,8,False,9.7982,1.93536,0.0867,14.5605,63.64769997890107,63.64769997890107,13804,False
01_missing_hole_03.jpg,tensorrt_fp16,9,False,9.4922,2.512608,0.0862,14.9602,63.992700015660375,63.992700015660375,13804,False
01_missing_hole_03.jpg,tensorrt_fp16,10,False,9.7652,2.07088,0.0858,14.6392,63.445900013903156,63.445900013903156,13804,False
01_missing_hole_03.jpg,tensorrt_fp16,11,False,9.4793,1.981248,0.0856,14.2249,63.17440001294017,63.17440001294017,13804,False
01_missing_hole_03.jpg,tensorrt_fp16,12,False,9.5291,1.962624,0.0859,14.252,63.37980000535026,63.37980000535026,13804,False
01_missing_hole_03.jpg,tensorrt_fp16,13,False,9.625,2.059072,0.0867,14.4486,63.06909999693744,63.06909999693744,13804,False
01_missing_hole_03.jpg,tensorrt_fp16,14,False,9.6021,1.950336,0.0862,14.3093,63.317299995105714,63.317299995105714,13804,False
01_missing_hole_03.jpg,tensorrt_fp16,15,False,9.7054,1.954432,0.0855,14.433,63.15059997723438,63.15059997723438,13804,False
01_missing_hole_03.jpg,tensorrt_fp16,16,False,10.2481,2.090464,0.0869,15.1166,64.83240000670776,64.83240000670776,13804,False
01_missing_hole_03.jpg,tensorrt_fp16,17,False,9.728,1.992032,0.086,14.4783,63.12570002046414,63.12570002046414,13804,False
01_missing_hole_03.jpg,tensorrt_fp16,18,False,9.5836,2.0696,0.0862,14.4406,63.02900001173839,63.02900001173839,13804,False
01_missing_hole_03.jpg,tensorrt_fp16,19,False,9.6756,2.062656,0.0851,14.4767,63.438399985898286,63.438399985898286,13804,False
01_open_circuit_02.jpg,tensorrt_fp16,0,False,9.9393,2.597408,0.0826,15.5056,65.86729999980889,65.86729999980889,13804,False
01_open_circuit_02.jpg,tensorrt_fp16,1,False,9.5743,1.98832,0.0821,14.3065,63.319999986561015,63.319999986561015,13804,False
01_open_circuit_02.jpg,tensorrt_fp16,2,False,9.5947,2.093024,0.082,14.4779,63.27230000169948,63.27230000169948,13804,False
01_open_circuit_02.jpg,tensorrt_fp16,3,False,9.5045,2.087648,0.082,14.3839,63.306900003226474,63.306900003226474,13804,False
01_open_circuit_02.jpg,tensorrt_fp16,4,False,9.9122,2.093248,0.0823,14.7619,63.70729999616742,63.70729999616742,13804,False
01_open_circuit_02.jpg,tensorrt_fp16,5,False,9.5284,2.001344,0.0824,14.3272,63.22499999077991,63.22499999077991,13804,False
01_open_circuit_02.jpg,tensorrt_fp16,6,False,9.6481,1.986624,0.082,14.4427,63.31579998368397,63.31579998368397,13804,False
01_open_circuit_02.jpg,tensorrt_fp16,7,False,9.5204,2.053632,0.0816,14.4118,63.49670002236962,63.49670002236962,13804,False
01_open_circuit_02.jpg,tensorrt_fp16,8,False,9.7239,1.963936,0.0822,14.488,63.484400016022846,63.484400016022846,13804,False
01_open_circuit_02.jpg,tensorrt_fp16,9,False,9.6085,1.972672,0.0826,14.3795,63.80840000929311,63.80840000929311,13804,False
01_open_circuit_02.jpg,tensorrt_fp16,10,False,9.8578,1.992448,0.0851,14.6114,63.42199997743592,63.42199997743592,13804,False
01_open_circuit_02.jpg,tensorrt_fp16,11,False,9.765,1.964928,0.0822,14.4886,63.28819997725077,63.28819997725077,13804,False
01_open_circuit_02.jpg,tensorrt_fp16,12,False,9.5825,2.120352,0.0813,14.483,63.23960001464002,63.23960001464002,13804,False
01_open_circuit_02.jpg,tensorrt_fp16,13,False,9.6795,2.155872,0.0822,14.6495,63.62269999226555,63.62269999226555,13804,False
01_open_circuit_02.jpg,tensorrt_fp16,14,False,9.5875,2.066624,0.082,14.4532,63.25889998697676,63.25889998697676,13804,False
01_open_circuit_02.jpg,tensorrt_fp16,15,False,9.5824,2.080224,0.0821,14.4586,63.2599999953527,63.2599999953527,13804,False
01_open_circuit_02.jpg,tensorrt_fp16,16,False,9.5779,1.987136,0.0822,14.3703,62.85309998202138,62.85309998202138,13804,False
01_open_circuit_02.jpg,tensorrt_fp16,17,False,9.7718,2.597792,0.0821,15.2977,64.66219999128953,64.66219999128953,13804,False
01_open_circuit_02.jpg,tensorrt_fp16,18,False,9.7292,1.95328,0.082,14.4457,63.179499993566424,63.179499993566424,13804,False
01_open_circuit_02.jpg,tensorrt_fp16,19,False,9.5581,2.0416,0.082,14.3951,63.338000007206574,63.338000007206574,13804,False
01_short_02.jpg,tensorrt_fp16,0,False,9.6432,2.139104,0.0857,14.6785,64.05580000136979,64.05580000136979,13804,False
01_short_02.jpg,tensorrt_fp16,1,False,10.0857,2.713248,0.085,15.8974,64.90950001170859,64.90950001170859,13804,False
01_short_02.jpg,tensorrt_fp16,2,False,9.6216,2.061664,0.0854,14.4965,63.0529000191018,63.0529000191018,13804,False
01_short_02.jpg,tensorrt_fp16,3,False,9.6152,1.975456,0.0861,14.3682,62.899500015191734,62.899500015191734,13804,False
01_short_02.jpg,tensorrt_fp16,4,False,9.635,2.068128,0.0863,14.5331,63.108300004387274,63.108300004387274,13804,False
01_short_02.jpg,tensorrt_fp16,5,False,9.6798,1.945952,0.0861,14.4381,62.9934000025969,62.9934000025969,13804,False
01_short_02.jpg,tensorrt_fp16,6,False,9.554,2.523808,0.0849,14.994,63.60650001442991,63.60650001442991,13804,False
01_short_02.jpg,tensorrt_fp16,7,False,9.7462,1.964512,0.0917,14.4812,63.26709999120794,63.26709999120794,13804,False
01_short_02.jpg,tensorrt_fp16,8,False,9.5466,2.550784,0.0869,15.0582,64.14870001026429,64.14870001026429,13804,False
01_short_02.jpg,tensorrt_fp16,9,False,9.6205,1.974848,0.0852,14.4015,63.122799998382106,63.122799998382106,13804,False
01_short_02.jpg,tensorrt_fp16,10,False,9.6257,2.540928,0.0856,15.0744,63.88690002495423,63.88690002495423,13804,False
01_short_02.jpg,tensorrt_fp16,11,False,9.5871,2.52544,0.0858,15.0475,63.82780001149513,63.82780001149513,13804,False
01_short_02.jpg,tensorrt_fp16,12,False,9.6247,2.525376,0.085,15.065,63.77000000793487,63.77000000793487,13804,False
01_short_02.jpg,tensorrt_fp16,13,False,9.6246,2.548096,0.0861,15.0936,63.53089999174699,63.53089999174699,13804,False
01_short_02.jpg,tensorrt_fp16,14,False,9.5664,1.988576,0.0856,14.3454,62.98289998085238,62.98289998085238,13804,False
01_short_02.jpg,tensorrt_fp16,15,False,9.6094,2.201952,0.0896,14.6302,63.28079997911118,63.28079997911118,13804,False
01_short_02.jpg,tensorrt_fp16,16,False,9.5643,2.474048,0.0875,14.9756,64.19460001052357,64.19460001052357,13804,False
01_short_02.jpg,tensorrt_fp16,17,False,9.6492,1.99184,0.0852,14.409,63.24550000135787,63.24550000135787,13804,False
01_short_02.jpg,tensorrt_fp16,18,False,9.7878,2.045792,0.0857,14.5577,63.26280001667328,63.26280001667328,13804,False
01_short_02.jpg,tensorrt_fp16,19,False,9.5768,1.983648,0.0864,14.3393,63.19519999669865,63.19519999669865,13804,False
04_missing_hole_04.jpg,tensorrt_fp16,0,False,10.9758,2.574112,0.0861,16.5656,85.62709999387152,85.62709999387152,13804,False
04_missing_hole_04.jpg,tensorrt_fp16,1,False,10.796,2.021728,0.0863,15.6152,84.65309999883175,84.65309999883175,13804,False
04_missing_hole_04.jpg,tensorrt_fp16,2,False,10.7379,2.518208,0.0861,16.2242,85.09320000302978,85.09320000302978,13804,False
04_missing_hole_04.jpg,tensorrt_fp16,3,False,10.9018,2.512064,0.0857,16.3964,86.2331000098493,86.2331000098493,13804,False
04_missing_hole_04.jpg,tensorrt_fp16,4,False,10.7966,2.53632,0.0857,16.3021,85.12319999863394,85.12319999863394,13804,False
04_missing_hole_04.jpg,tensorrt_fp16,5,False,11.5368,3.197376,0.1335,17.9839,88.13849999569356,88.13849999569356,13804,False
04_missing_hole_04.jpg,tensorrt_fp16,6,False,10.9944,2.7312,0.0851,16.7136,85.79330000793561,85.79330000793561,13804,False
04_missing_hole_04.jpg,tensorrt_fp16,7,False,10.6405,2.572864,0.0909,16.2215,85.69010000792332,85.69010000792332,13804,False
04_missing_hole_04.jpg,tensorrt_fp16,8,False,10.78,1.94336,0.0857,15.5171,85.49420000053942,85.49420000053942,13804,False
04_missing_hole_04.jpg,tensorrt_fp16,9,False,10.8029,1.971776,0.085,15.5677,84.57369997631758,84.57369997631758,13804,False
04_missing_hole_04.jpg,tensorrt_fp16,10,False,10.8013,1.947904,0.0869,15.5733,84.35089999693446,84.35089999693446,13804,False
04_missing_hole_04.jpg,tensorrt_fp16,11,False,11.2568,2.01376,0.0855,15.9942,84.60669999476522,84.60669999476522,13804,False
04_missing_hole_04.jpg,tensorrt_fp16,12,False,10.9148,2.450496,0.0853,16.2982,84.96609999565408,84.96609999565408,13804,False
04_missing_hole_04.jpg,tensorrt_fp16,13,False,10.6659,2.07808,0.086,15.6479,84.9541999923531,84.9541999923531,13804,False
04_missing_hole_04.jpg,tensorrt_fp16,14,False,10.8074,2.06096,0.0848,15.7109,84.32989998254925,84.32989998254925,13804,False
04_missing_hole_04.jpg,tensorrt_fp16,15,False,10.8224,2.092832,0.086,15.7392,84.64899999671616,84.64899999671616,13804,False
04_missing_hole_04.jpg,tensorrt_fp16,16,False,10.7596,1.95648,0.086,15.5212,84.3262999842409,84.3262999842409,13804,False
04_missing_hole_04.jpg,tensorrt_fp16,17,False,10.7283,1.974272,0.0866,15.4947,84.25380001426674,84.25380001426674,13804,False
04_missing_hole_04.jpg,tensorrt_fp16,18,False,10.8735,2.123168,0.0861,15.7672,85.25999999255873,85.25999999255873,13804,False
04_missing_hole_04.jpg,tensorrt_fp16,19,False,11.2014,2.00096,0.0853,16.0075,84.25169999827631,84.25169999827631,13804,False
04_open_circuit_02.jpg,tensorrt_fp16,0,False,10.8449,2.0264,0.0811,15.6168,85.42190000298433,85.42190000298433,13804,False
04_open_circuit_02.jpg,tensorrt_fp16,1,False,10.9308,1.969856,0.0817,15.6606,84.59589999984019,84.59589999984019,13804,False
04_open_circuit_02.jpg,tensorrt_fp16,2,False,10.8335,1.948416,0.0809,15.5614,84.3145000108052,84.3145000108052,13804,False
04_open_circuit_02.jpg,tensorrt_fp16,3,False,10.8377,2.57168,0.0864,16.3806,85.36870000534691,85.36870000534691,13804,False
04_open_circuit_02.jpg,tensorrt_fp16,4,False,10.9488,2.039488,0.0812,15.7537,85.15769999939948,85.15769999939948,13804,False
04_open_circuit_02.jpg,tensorrt_fp16,5,False,10.8635,2.0136,0.0808,15.8663,85.01710000564344,85.01710000564344,13804,False
04_open_circuit_02.jpg,tensorrt_fp16,6,False,10.7546,2.02192,0.0819,15.7092,84.33529999456368,84.33529999456368,13804,False
04_open_circuit_02.jpg,tensorrt_fp16,7,False,10.6477,1.982784,0.0811,15.4123,84.02639999985695,84.02639999985695,13804,False
04_open_circuit_02.jpg,tensorrt_fp16,8,False,10.6605,1.959232,0.0814,15.44,83.7619999947492,83.7619999947492,13804,False
04_open_circuit_02.jpg,tensorrt_fp16,9,False,10.8704,1.956448,0.0814,15.6333,84.67159999418072,84.67159999418072,13804,False
04_open_circuit_02.jpg,tensorrt_fp16,10,False,11.3607,2.11248,0.101,16.3101,84.92300001671538,84.92300001671538,13804,False
04_open_circuit_02.jpg,tensorrt_fp16,11,False,10.7436,2.658528,0.0812,16.3606,85.32260000356473,85.32260000356473,13804,False
04_open_circuit_02.jpg,tensorrt_fp16,12,False,10.5602,1.96336,0.0807,15.3033,84.80670000426471,84.80670000426471,13804,False
04_open_circuit_02.jpg,tensorrt_fp16,13,False,10.7929,1.955264,0.0817,15.5431,84.25429998897016,84.25429998897016,13804,False
04_open_circuit_02.jpg,tensorrt_fp16,14,False,10.7523,1.98064,0.0817,15.6049,84.34669999405742,84.34669999405742,13804,False
04_open_circuit_02.jpg,tensorrt_fp16,15,False,10.7113,1.944128,0.0819,15.4671,83.97420000983402,83.97420000983402,13804,False
04_open_circuit_02.jpg,tensorrt_fp16,16,False,11.002,2.665664,0.0812,16.619,85.3824999940116,85.3824999940116,13804,False
04_open_circuit_02.jpg,tensorrt_fp16,17,False,10.6515,2.062592,0.0813,15.6237,85.10150000802241,85.10150000802241,13804,False
04_open_circuit_02.jpg,tensorrt_fp16,18,False,11.1493,2.045568,0.0806,15.9964,84.97169998008758,84.97169998008758,13804,False
04_open_circuit_02.jpg,tensorrt_fp16,19,False,11.2359,2.569248,0.0829,16.8405,85.76680000987835,85.76680000987835,13804,False
04_open_circuit_03.jpg,tensorrt_fp16,0,False,11.1687,1.992576,0.082,16.1005,85.09330000379123,85.09330000379123,13804,False
04_open_circuit_03.jpg,tensorrt_fp16,1,False,11.6647,2.60416,0.0822,17.2038,91.71449998393655,91.71449998393655,13804,False
04_open_circuit_03.jpg,tensorrt_fp16,2,False,11.4074,2.039648,0.0833,16.5004,85.56919998954982,85.56919998954982,13804,False
04_open_circuit_03.jpg,tensorrt_fp16,3,False,11.5498,2.077088,0.0814,16.5478,86.0679000033997,86.0679000033997,13804,False
04_open_circuit_03.jpg,tensorrt_fp16,4,False,11.7412,2.138048,0.0816,16.9883,95.11299998848699,95.11299998848699,13804,False
04_open_circuit_03.jpg,tensorrt_fp16,5,False,10.8945,2.189088,0.082,15.9598,86.81899998919107,86.81899998919107,13804,False
04_open_circuit_03.jpg,tensorrt_fp16,6,False,11.274,2.759776,0.0833,17.0512,88.08610000414774,88.08610000414774,13804,False
04_open_circuit_03.jpg,tensorrt_fp16,7,False,10.6878,2.066912,0.0905,15.8676,84.8046000173781,84.8046000173781,13804,False
04_open_circuit_03.jpg,tensorrt_fp16,8,False,10.798,1.971104,0.0826,15.569,85.02619998762384,85.02619998762384,13804,False
04_open_circuit_03.jpg,tensorrt_fp16,9,False,11.1738,2.8056,0.0836,17.0851,86.5639999974519,86.5639999974519,13804,False
04_open_circuit_03.jpg,tensorrt_fp16,10,False,11.2046,2.0328,0.0821,15.9942,86.20999997947365,86.20999997947365,13804,False
04_open_circuit_03.jpg,tensorrt_fp16,11,False,11.32,2.016448,0.0815,16.0537,86.39470001799054,86.39470001799054,13804,False
04_open_circuit_03.jpg,tensorrt_fp16,12,False,11.3445,2.5712,0.0823,16.9037,86.90699998987839,86.90699998987839,13804,False
04_open_circuit_03.jpg,tensorrt_fp16,13,False,11.1809,1.998624,0.0824,15.9096,85.52490000147372,85.52490000147372,13804,False
04_open_circuit_03.jpg,tensorrt_fp16,14,False,12.504,2.136096,0.0817,18.0239,91.53799997875467,91.53799997875467,13804,False
04_open_circuit_03.jpg,tensorrt_fp16,15,False,11.0945,2.617152,0.0813,16.9669,86.96019998751581,86.96019998751581,13804,False
04_open_circuit_03.jpg,tensorrt_fp16,16,False,10.9464,2.090304,0.1372,16.5033,88.92539999214932,88.92539999214932,13804,False
04_open_circuit_03.jpg,tensorrt_fp16,17,False,11.5137,1.978656,0.0835,16.3276,87.05509998253547,87.05509998253547,13804,False
04_open_circuit_03.jpg,tensorrt_fp16,18,False,12.4034,2.571072,0.082,18.3329,88.71569999610074,88.71569999610074,13804,False
04_open_circuit_03.jpg,tensorrt_fp16,19,False,12.6384,2.05376,0.0815,17.8141,91.72190001117997,91.72190001117997,13804,False
04_short_02.jpg,tensorrt_fp16,0,False,14.1651,3.270656,0.0843,21.802,93.89449999434873,93.89449999434873,13804,False
04_short_02.jpg,tensorrt_fp16,1,False,12.2767,2.08816,0.0833,17.2532,89.70909999334253,89.70909999334253,13804,False
04_short_02.jpg,tensorrt_fp16,2,False,11.5397,1.954752,0.0838,16.2946,87.19420002307743,87.19420002307743,13804,False
04_short_02.jpg,tensorrt_fp16,3,False,13.4596,3.1664,0.0833,19.8684,91.98850000393577,91.98850000393577,13804,False
04_short_02.jpg,tensorrt_fp16,4,False,12.7199,2.096352,0.0992,18.1005,109.65530000976287,109.65530000976287,13804,False
04_short_02.jpg,tensorrt_fp16,5,False,13.9516,2.048928,0.117,20.2165,119.32150000939146,119.32150000939146,13804,False
04_short_02.jpg,tensorrt_fp16,6,False,12.4406,2.122656,0.0832,17.8025,104.96909997891635,104.96909997891635,13804,False
04_short_02.jpg,tensorrt_fp16,7,False,12.2716,2.070784,0.0838,17.5594,95.66770002129488,95.66770002129488,13804,False
04_short_02.jpg,tensorrt_fp16,8,False,13.5117,2.674688,0.0848,19.3255,96.20709999580868,96.20709999580868,13804,False
04_short_02.jpg,tensorrt_fp16,9,False,12.941,3.425952,0.0851,19.7805,94.98860000167042,94.98860000167042,13804,False
04_short_02.jpg,tensorrt_fp16,10,False,12.8334,2.718112,0.0841,18.8767,97.22310001961887,97.22310001961887,13804,False
04_short_02.jpg,tensorrt_fp16,11,False,12.359,3.136448,0.084,20.799,100.7746999966912,100.7746999966912,13804,False
04_short_02.jpg,tensorrt_fp16,12,False,12.8043,2.757632,0.0837,18.7724,93.98550001787953,93.98550001787953,13804,False
04_short_02.jpg,tensorrt_fp16,13,False,12.0817,2.638752,0.0825,17.605,90.76839999761432,90.76839999761432,13804,False
04_short_02.jpg,tensorrt_fp16,14,False,13.133,3.400032,0.1325,20.0775,101.14990000147372,101.14990000147372,13804,False
04_short_02.jpg,tensorrt_fp16,15,False,12.5329,2.746304,0.107,18.2588,100.95240001101047,100.95240001101047,13804,False
04_short_02.jpg,tensorrt_fp16,16,False,11.2749,2.614656,0.0835,17.2096,88.02610001293942,88.02610001293942,13804,False
04_short_02.jpg,tensorrt_fp16,17,False,13.2696,3.131136,0.1267,19.9524,92.50389999942854,92.50389999942854,13804,False
04_short_02.jpg,tensorrt_fp16,18,False,13.7191,3.08592,0.0877,20.1513,114.94319999474101,114.94319999474101,13804,False
04_short_02.jpg,tensorrt_fp16,19,False,11.9805,2.545824,0.083,17.4906,95.14070002478547,95.14070002478547,13804,False
04_short_03.jpg,tensorrt_fp16,0,False,12.5394,2.608832,0.1182,18.2219,90.20639999653213,90.20639999653213,13804,False
04_short_03.jpg,tensorrt_fp16,1,False,11.8871,2.559264,0.086,17.5864,88.44320001662709,88.44320001662709,13804,False
04_short_03.jpg,tensorrt_fp16,2,False,11.4085,2.000192,0.0857,16.2144,86.85329998843372,86.85329998843372,13804,False
04_short_03.jpg,tensorrt_fp16,3,False,11.8259,2.693664,0.0853,17.5824,91.18399998988025,91.18399998988025,13804,False
04_short_03.jpg,tensorrt_fp16,4,False,11.5729,2.626752,0.0861,17.2349,89.77319998666644,89.77319998666644,13804,False
04_short_03.jpg,tensorrt_fp16,5,False,11.4874,2.494496,0.0858,16.9311,87.94630001648329,87.94630001648329,13804,False
04_short_03.jpg,tensorrt_fp16,6,False,11.7781,2.777056,0.0878,17.6578,88.83069999865256,88.83069999865256,13804,False
04_short_03.jpg,tensorrt_fp16,7,False,12.329,2.920128,0.0854,18.3247,91.7081999941729,91.7081999941729,13804,False
04_short_03.jpg,tensorrt_fp16,8,False,12.3875,1.991904,0.0857,17.3213,90.97289998317137,90.97289998317137,13804,False
04_short_03.jpg,tensorrt_fp16,9,False,12.5564,2.693024,0.0848,18.5284,95.25380001286976,95.25380001286976,13804,False
04_short_03.jpg,tensorrt_fp16,10,False,12.0075,2.701856,0.0868,17.8852,93.64900001673959,93.64900001673959,13804,False
04_short_03.jpg,tensorrt_fp16,11,False,12.4158,3.090272,0.1297,18.6595,102.35949998605065,102.35949998605065,13804,False
04_short_03.jpg,tensorrt_fp16,12,False,12.3333,2.595776,0.0859,18.0117,104.15780000039376,104.15780000039376,13804,False
04_short_03.jpg,tensorrt_fp16,13,False,11.7361,2.604608,0.0859,17.2532,89.93310001096688,89.93310001096688,13804,False
04_short_03.jpg,tensorrt_fp16,14,False,11.8516,1.954368,0.0863,16.5353,87.1255999954883,87.1255999954883,13804,False
04_short_03.jpg,tensorrt_fp16,15,False,11.5338,2.592,0.0855,17.0668,90.1534000004176,90.1534000004176,13804,False
04_short_03.jpg,tensorrt_fp16,16,False,11.5399,2.70336,0.0899,17.2685,87.85290000378154,87.85290000378154,13804,False
04_short_03.jpg,tensorrt_fp16,17,False,10.4761,2.597088,0.0862,16.0875,86.61140000913292,86.61140000913292,13804,False
04_short_03.jpg,tensorrt_fp16,18,False,13.1195,2.861024,0.0932,19.6542,92.56889999960549,92.56889999960549,13804,False
04_short_03.jpg,tensorrt_fp16,19,False,12.143,2.990944,0.0852,18.3372,95.69550000014715,95.69550000014715,13804,False
05_open_circuit_03.jpg,tensorrt_fp16,0,False,11.889,2.06032,0.0877,16.9875,78.15190000110306,78.15190000110306,13804,False
05_open_circuit_03.jpg,tensorrt_fp16,1,False,12.5694,2.61712,0.089,18.6456,75.00399998389184,75.00399998389184,13804,False
05_open_circuit_03.jpg,tensorrt_fp16,2,False,11.5598,2.661856,0.0881,17.1096,74.37940000090748,74.37940000090748,13804,False
05_open_circuit_03.jpg,tensorrt_fp16,3,False,11.2584,2.575456,0.0967,16.7867,68.57969998964109,68.57969998964109,13804,False
05_open_circuit_03.jpg,tensorrt_fp16,4,False,11.2202,2.05024,0.0891,16.0796,68.02560001960956,68.02560001960956,13804,False
05_open_circuit_03.jpg,tensorrt_fp16,5,False,11.2409,2.578752,0.0889,16.7894,68.91010000254028,68.91010000254028,13804,False
05_open_circuit_03.jpg,tensorrt_fp16,6,False,11.2206,1.963008,0.0886,16.0429,68.31840000813827,68.31840000813827,13804,False
05_open_circuit_03.jpg,tensorrt_fp16,7,False,12.0461,2.663936,0.0883,17.7243,74.84610000392422,74.84610000392422,13804,False
05_open_circuit_03.jpg,tensorrt_fp16,8,False,11.6283,2.364064,0.1107,17.2099,71.67490001302212,71.67490001302212,13804,False
05_open_circuit_03.jpg,tensorrt_fp16,9,False,11.3161,2.565248,0.0882,16.8055,69.62820002809167,69.62820002809167,13804,False
05_open_circuit_03.jpg,tensorrt_fp16,10,False,11.1901,1.974656,0.1143,16.056,68.63069999963045,68.63069999963045,13804,False
05_open_circuit_03.jpg,tensorrt_fp16,11,False,12.0399,2.592224,0.1065,17.8093,80.53609999478795,80.53609999478795,13804,False
05_open_circuit_03.jpg,tensorrt_fp16,12,False,11.6121,2.18576,0.0941,16.8374,74.31210001232103,74.31210001232103,13804,False
05_open_circuit_03.jpg,tensorrt_fp16,13,False,11.3825,2.604736,0.0892,16.9973,69.45810001343489,69.45810001343489,13804,False
05_open_circuit_03.jpg,tensorrt_fp16,14,False,12.7105,2.070656,0.0953,18.1212,71.23730002786033,71.23730002786033,13804,False
05_open_circuit_03.jpg,tensorrt_fp16,15,False,12.2513,2.599616,0.0884,18.0803,74.87750001018867,74.87750001018867,13804,False
05_open_circuit_03.jpg,tensorrt_fp16,16,False,11.5327,2.586976,0.088,17.0172,71.94240001263097,71.94240001263097,13804,False
05_open_circuit_03.jpg,tensorrt_fp16,17,False,11.2007,1.990592,0.0879,16.0384,67.7750000031665,67.7750000031665,13804,False
05_open_circuit_03.jpg,tensorrt_fp16,18,False,11.2776,2.589888,0.0882,16.9008,68.91349999932572,68.91349999932572,13804,False
05_open_circuit_03.jpg,tensorrt_fp16,19,False,11.7829,2.156448,0.0881,16.8133,71.93299999926239,71.93299999926239,13804,False
05_open_circuit_04.jpg,tensorrt_fp16,0,False,11.5361,2.078112,0.1282,16.5177,72.8506000014022,72.8506000014022,13804,False
05_open_circuit_04.jpg,tensorrt_fp16,1,False,11.9229,2.823872,0.0915,17.8098,75.30889997724444,75.30889997724444,13804,False
05_open_circuit_04.jpg,tensorrt_fp16,2,False,11.6363,1.972576,0.0928,16.5096,69.51430000481196,69.51430000481196,13804,False
05_open_circuit_04.jpg,tensorrt_fp16,3,False,11.2443,1.959648,0.0998,16.0958,69.24529999378137,69.24529999378137,13804,False
05_open_circuit_04.jpg,tensorrt_fp16,4,False,11.3545,2.559136,0.092,16.9264,68.94290001946501,68.94290001946501,13804,False
05_open_circuit_04.jpg,tensorrt_fp16,5,False,13.0923,2.114336,0.0951,18.3018,72.5490000040736,72.5490000040736,13804,False
05_open_circuit_04.jpg,tensorrt_fp16,6,False,11.4241,2.653632,0.0923,17.0762,72.66289999824949,72.66289999824949,13804,False
05_open_circuit_04.jpg,tensorrt_fp16,7,False,11.3842,2.087968,0.0917,16.4263,69.9148999992758,69.9148999992758,13804,False
05_open_circuit_04.jpg,tensorrt_fp16,8,False,11.5301,2.043584,0.0981,16.4999,71.62509998306632,71.62509998306632,13804,False
05_open_circuit_04.jpg,tensorrt_fp16,9,False,11.3909,2.069504,0.0952,16.3739,70.85959997493774,70.85959997493774,13804,False
05_open_circuit_04.jpg,tensorrt_fp16,10,False,11.6856,2.70608,0.0915,17.5444,71.49699999717996,71.49699999717996,13804,False
05_open_circuit_04.jpg,tensorrt_fp16,11,False,11.3453,1.977344,0.0919,16.1598,69.54540000879206,69.54540000879206,13804,False
05_open_circuit_04.jpg,tensorrt_fp16,12,False,11.3347,2.023488,0.0982,16.213,68.91199998790398,68.91199998790398,13804,False
05_open_circuit_04.jpg,tensorrt_fp16,13,False,11.5122,1.958976,0.0918,16.2964,68.79019999178126,68.79019999178126,13804,False
05_open_circuit_04.jpg,tensorrt_fp16,14,False,11.2222,2.019424,0.0923,16.0966,68.65580001613125,68.65580001613125,13804,False
05_open_circuit_04.jpg,tensorrt_fp16,15,False,11.6039,2.040992,0.0915,16.4766,69.55599997309037,69.55599997309037,13804,False
05_open_circuit_04.jpg,tensorrt_fp16,16,False,11.6048,1.959712,0.0921,16.3484,69.0281999995932,69.0281999995932,13804,False
05_open_circuit_04.jpg,tensorrt_fp16,17,False,11.3526,2.015488,0.0919,16.2258,68.67639999836683,68.67639999836683,13804,False
05_open_circuit_04.jpg,tensorrt_fp16,18,False,11.2446,1.981056,0.0919,15.9965,69.17209998937324,69.17209998937324,13804,False
05_open_circuit_04.jpg,tensorrt_fp16,19,False,10.4932,2.65312,0.1467,16.2803,67.53860000753775,67.53860000753775,13804,False
05_open_circuit_06.jpg,tensorrt_fp16,0,False,11.971,2.694688,0.083,17.8238,75.12900000438094,75.12900000438094,13804,False
05_open_circuit_06.jpg,tensorrt_fp16,1,False,11.265,2.083264,0.1029,16.1346,68.65849997848272,68.65849997848272,13804,False
05_open_circuit_06.jpg,tensorrt_fp16,2,False,11.3176,2.611168,0.0834,17.0566,68.74489999609068,68.74489999609068,13804,False
05_open_circuit_06.jpg,tensorrt_fp16,3,False,11.3895,1.939328,0.0883,16.1949,68.3617000177037,68.3617000177037,13804,False
05_open_circuit_06.jpg,tensorrt_fp16,4,False,11.4583,2.005696,0.0827,16.2914,69.07789999968372,69.07789999968372,13804,False
05_open_circuit_06.jpg,tensorrt_fp16,5,False,11.2956,1.996704,0.0827,16.1168,67.93180000386201,67.93180000386201,13804,False
05_open_circuit_06.jpg,tensorrt_fp16,6,False,11.2625,2.035136,0.082,16.1105,67.5416000012774,67.5416000012774,13804,False
05_open_circuit_06.jpg,tensorrt_fp16,7,False,11.3234,1.932608,0.0825,16.0425,67.69349999376573,67.69349999376573,13804,False
05_open_circuit_06.jpg,tensorrt_fp16,8,False,11.339,2.071488,0.0837,16.6534,68.67780000902712,68.67780000902712,13804,False
05_open_circuit_06.jpg,tensorrt_fp16,9,False,11.3284,2.003968,0.0823,16.0836,68.40099999681115,68.40099999681115,13804,False
05_open_circuit_06.jpg,tensorrt_fp16,10,False,11.4023,1.985952,0.0825,16.2014,68.01389998872764,68.01389998872764,13804,False
05_open_circuit_06.jpg,tensorrt_fp16,11,False,11.4287,2.083872,0.0826,16.3625,68.11370002105832,68.11370002105832,13804,False
05_open_circuit_06.jpg,tensorrt_fp16,12,False,11.3324,2.020256,0.0831,16.1731,69.52560000354424,69.52560000354424,13804,False
05_open_circuit_06.jpg,tensorrt_fp16,13,False,12.9592,3.338816,0.083,20.2641,75.60740000917576,75.60740000917576,13804,False
05_open_circuit_06.jpg,tensorrt_fp16,14,False,12.8002,2.280704,0.0948,18.3394,75.58850001078099,75.58850001078099,13804,False
05_open_circuit_06.jpg,tensorrt_fp16,15,False,11.3066,2.151552,0.083,16.2323,70.87960001081228,70.87960001081228,13804,False
05_open_circuit_06.jpg,tensorrt_fp16,16,False,11.2246,2.004416,0.0827,16.06,68.06319998577237,68.06319998577237,13804,False
05_open_circuit_06.jpg,tensorrt_fp16,17,False,11.2797,1.966912,0.0827,16.0026,68.58819999615662,68.58819999615662,13804,False
05_open_circuit_06.jpg,tensorrt_fp16,18,False,11.4494,2.01088,0.085,16.5584,83.19579999078996,83.19579999078996,13804,False
05_open_circuit_06.jpg,tensorrt_fp16,19,False,9.9673,2.157856,0.0827,15.1797,66.10110000474378,66.10110000474378,13804,False
05_short_03.jpg,tensorrt_fp16,0,False,9.7332,2.1248,0.0903,14.679,65.926400013268,65.926400013268,13804,False
05_short_03.jpg,tensorrt_fp16,1,False,9.7211,1.952384,0.091,14.4749,65.4342999914661,65.4342999914661,13804,False
05_short_03.jpg,tensorrt_fp16,2,False,9.665,1.959712,0.0905,14.4454,64.77219998487271,64.77219998487271,13804,False
05_short_03.jpg,tensorrt_fp16,3,False,9.7191,2.01936,0.0905,14.5596,65.01220000791363,65.01220000791363,13804,False
05_short_03.jpg,tensorrt_fp16,4,False,9.6924,2.072,0.0894,14.5737,64.77229998563416,64.77229998563416,13804,False
05_short_03.jpg,tensorrt_fp16,5,False,9.733,2.029888,0.0896,14.5683,64.9793999909889,64.9793999909889,13804,False
05_short_03.jpg,tensorrt_fp16,6,False,9.552,2.503904,0.0898,15.0288,65.63539998023771,65.63539998023771,13804,False
05_short_03.jpg,tensorrt_fp16,7,False,9.6616,2.03216,0.0897,14.4707,64.7441000037361,64.7441000037361,13804,False
05_short_03.jpg,tensorrt_fp16,8,False,9.5952,1.98784,0.0915,14.5725,65.273399988655,65.273399988655,13804,False
05_short_03.jpg,tensorrt_fp16,9,False,10.0142,2.058592,0.0899,14.8494,66.25390000408515,66.25390000408515,13804,False
05_short_03.jpg,tensorrt_fp16,10,False,9.9823,2.070656,0.0895,14.8705,65.37359999492764,65.37359999492764,13804,False
05_short_03.jpg,tensorrt_fp16,11,False,9.8349,2.055712,0.0898,14.749,64.87150001339614,64.87150001339614,13804,False
05_short_03.jpg,tensorrt_fp16,12,False,10.0357,1.95056,0.0897,14.7912,65.02599999657832,65.02599999657832,13804,False
05_short_03.jpg,tensorrt_fp16,13,False,9.7819,1.996672,0.0901,14.6643,65.21530001191422,65.21530001191422,13804,False
05_short_03.jpg,tensorrt_fp16,14,False,9.8292,1.956608,0.0903,14.5703,65.02010000986047,65.02010000986047,13804,False
05_short_03.jpg,tensorrt_fp16,15,False,9.6971,2.02768,0.0898,14.5781,65.18259999575093,65.18259999575093,13804,False
05_short_03.jpg,tensorrt_fp16,16,False,9.5364,1.958528,0.0899,14.3893,65.10539998998865,65.10539998998865,13804,False
05_short_03.jpg,tensorrt_fp16,17,False,9.5384,2.050912,0.0898,14.3895,64.85979998251423,64.85979998251423,13804,False
05_short_03.jpg,tensorrt_fp16,18,False,9.6525,1.978624,0.0907,14.4188,64.84669999917969,64.84669999917969,13804,False
05_short_03.jpg,tensorrt_fp16,19,False,9.5708,1.988352,0.1173,14.4443,64.93930000578985,64.93930000578985,13804,False
05_short_04.jpg,tensorrt_fp16,0,False,9.7683,2.102976,0.0899,14.6786,66.45209999987856,66.45209999987856,13804,False
05_short_04.jpg,tensorrt_fp16,1,False,9.5739,1.958432,0.0894,14.3289,64.98579998151399,64.98579998151399,13804,False
05_short_04.jpg,tensorrt_fp16,2,False,9.6168,2.019424,0.0906,14.4577,64.80259998352267,64.80259998352267,13804,False
05_short_04.jpg,tensorrt_fp16,3,False,9.6074,1.95424,0.0893,14.3312,64.70049999188632,64.70049999188632,13804,False
05_short_04.jpg,tensorrt_fp16,4,False,10.2735,2.048544,0.0902,15.0767,66.72850000904873,66.72850000904873,13804,False
05_short_04.jpg,tensorrt_fp16,5,False,9.5909,2.605856,0.1214,15.1469,65.64879999496043,65.64879999496043,13804,False
05_short_04.jpg,tensorrt_fp16,6,False,9.8712,1.977792,0.0916,14.8418,65.22809999296442,65.22809999296442,13804,False
05_short_04.jpg,tensorrt_fp16,7,False,9.7381,2.619296,0.0907,15.3469,66.04889998561703,66.04889998561703,13804,False
05_short_04.jpg,tensorrt_fp16,8,False,9.6312,1.95616,0.09,14.3495,64.90470000426285,64.90470000426285,13804,False
05_short_04.jpg,tensorrt_fp16,9,False,10.1038,2.878496,0.1077,16.0452,68.85310000507161,68.85310000507161,13804,False
05_short_04.jpg,tensorrt_fp16,10,False,10.5599,2.692192,0.0897,16.2283,69.48880001436919,69.48880001436919,13804,False
05_short_04.jpg,tensorrt_fp16,11,False,10.5869,2.535648,0.0909,16.1472,71.22790001449175,71.22790001449175,13804,False
05_short_04.jpg,tensorrt_fp16,12,False,10.6839,2.099168,0.0902,15.625,70.14680001884699,70.14680001884699,13804,False
05_short_04.jpg,tensorrt_fp16,13,False,9.8703,1.994528,0.0902,14.6741,65.29379999847151,65.29379999847151,13804,False
05_short_04.jpg,tensorrt_fp16,14,False,9.9292,2.010368,0.1246,14.7736,65.45950000872836,65.45950000872836,13804,False
05_short_04.jpg,tensorrt_fp16,15,False,9.7986,2.030048,0.094,14.7988,67.85980000859126,67.85980000859126,13804,False
05_short_04.jpg,tensorrt_fp16,16,False,9.8354,1.972032,0.0901,14.6146,65.2059999993071,65.2059999993071,13804,False
05_short_04.jpg,tensorrt_fp16,17,False,9.8988,2.660224,0.0976,15.5617,66.50680000893772,66.50680000893772,13804,False
05_short_04.jpg,tensorrt_fp16,18,False,9.8942,2.032704,0.1329,14.8543,65.70259999716654,65.70259999716654,13804,False
05_short_04.jpg,tensorrt_fp16,19,False,10.0308,2.106976,0.0908,14.9144,69.2762000253424,69.2762000253424,13804,False
05_short_06.jpg,tensorrt_fp16,0,False,9.8643,2.685184,0.0902,15.5034,67.38849999965169,67.38849999965169,13804,False
05_short_06.jpg,tensorrt_fp16,1,False,10.6529,2.677152,0.1423,16.399,74.93170001544058,74.93170001544058,13804,False
05_short_06.jpg,tensorrt_fp16,2,False,9.9127,2.143488,0.0902,14.9266,69.22780000604689,69.22780000604689,13804,False
05_short_06.jpg,tensorrt_fp16,3,False,9.609,2.548096,0.089,15.1142,65.78030000673607,65.78030000673607,13804,False
05_short_06.jpg,tensorrt_fp16,4,False,9.9255,2.599488,0.0898,15.5155,66.66170002426952,66.66170002426952,13804,False
05_short_06.jpg,tensorrt_fp16,5,False,9.9083,2.004512,0.0892,14.757,65.02380000893027,65.02380000893027,13804,False
05_short_06.jpg,tensorrt_fp16,6,False,9.7178,2.75088,0.0911,15.5082,67.97960001858883,67.97960001858883,13804,False
05_short_06.jpg,tensorrt_fp16,7,False,9.5974,1.986976,0.0898,14.4357,65.49119998817332,65.49119998817332,13804,False
05_short_06.jpg,tensorrt_fp16,8,False,9.6417,1.946688,0.0898,14.4673,64.92589999106713,64.92589999106713,13804,False
05_short_06.jpg,tensorrt_fp16,9,False,10.1381,1.984384,0.0894,14.9008,66.55680001131259,66.55680001131259,13804,False
05_short_06.jpg,tensorrt_fp16,10,False,9.7512,2.713536,0.0896,15.4026,66.10610001371242,66.10610001371242,13804,False
05_short_06.jpg,tensorrt_fp16,11,False,9.6314,1.990208,0.0895,14.4157,64.67649998376146,64.67649998376146,13804,False
05_short_06.jpg,tensorrt_fp16,12,False,9.8181,2.584,0.0938,15.3701,65.72149999556132,65.72149999556132,13804,False
05_short_06.jpg,tensorrt_fp16,13,False,9.7643,1.979552,0.0888,14.5123,64.95189998531714,64.95189998531714,13804,False
05_short_06.jpg,tensorrt_fp16,14,False,10.0981,2.784608,0.0902,15.8523,67.47129998984747,67.47129998984747,13804,False
05_short_06.jpg,tensorrt_fp16,15,False,9.6611,1.992576,0.0901,14.5581,64.9637000169605,64.9637000169605,13804,False
05_short_06.jpg,tensorrt_fp16,16,False,9.9219,1.975744,0.0902,14.6781,65.16379999811761,65.16379999811761,13804,False
05_short_06.jpg,tensorrt_fp16,17,False,9.6013,1.993856,0.0892,14.3694,64.85319999046624,64.85319999046624,13804,False
05_short_06.jpg,tensorrt_fp16,18,False,11.7042,2.90912,0.1155,17.6462,69.39240000792779,69.39240000792779,13804,False
05_short_06.jpg,tensorrt_fp16,19,False,10.2555,2.104128,0.0902,15.186,69.1291999828536,69.1291999828536,13804,False
07_missing_hole_03.jpg,tensorrt_fp16,0,False,9.929,2.010976,0.0875,14.8477,67.38710001809523,67.38710001809523,13804,False
07_missing_hole_03.jpg,tensorrt_fp16,1,False,9.6441,1.9624,0.0996,14.4266,64.0199999907054,64.0199999907054,13804,False
07_missing_hole_03.jpg,tensorrt_fp16,2,False,9.5726,1.970624,0.0855,14.6042,64.85399999655783,64.85399999655783,13804,False
07_missing_hole_03.jpg,tensorrt_fp16,3,False,9.4986,2.544096,0.0862,14.994,64.17389999842271,64.17389999842271,13804,False
07_missing_hole_03.jpg,tensorrt_fp16,4,False,10.1213,2.833472,0.0885,16.1675,69.36920000589453,69.36920000589453,13804,False
07_missing_hole_03.jpg,tensorrt_fp16,5,False,9.7268,2.68656,0.0873,15.3303,66.60550000378862,66.60550000378862,13804,False
07_missing_hole_03.jpg,tensorrt_fp16,6,False,9.3888,2.630368,0.0877,15.0011,64.45609999354929,64.45609999354929,13804,False
07_missing_hole_03.jpg,tensorrt_fp16,7,False,9.5046,1.988032,0.0863,14.3678,64.2216999840457,64.2216999840457,13804,False
07_missing_hole_03.jpg,tensorrt_fp16,8,False,9.3961,1.94288,0.0933,14.137,63.11739998636767,63.11739998636767,13804,False
07_missing_hole_03.jpg,tensorrt_fp16,9,False,10.3294,2.097984,0.0879,15.2572,64.8640000144951,64.8640000144951,13804,False
07_missing_hole_03.jpg,tensorrt_fp16,10,False,9.4738,2.467136,0.0858,14.8989,65.42739999713376,65.42739999713376,13804,False
07_missing_hole_03.jpg,tensorrt_fp16,11,False,9.423,2.5184,0.0867,14.9317,63.939299987396225,63.939299987396225,13804,False
07_missing_hole_03.jpg,tensorrt_fp16,12,False,9.5296,1.931136,0.0878,14.2575,64.25130000570789,64.25130000570789,13804,False
07_missing_hole_03.jpg,tensorrt_fp16,13,False,10.0445,2.647104,0.0872,15.7347,66.4779000217095,66.4779000217095,13804,False
07_missing_hole_03.jpg,tensorrt_fp16,14,False,9.5623,2.042112,0.0871,14.4573,63.89749998925254,63.89749998925254,13804,False
07_missing_hole_03.jpg,tensorrt_fp16,15,False,9.5067,2.589664,0.087,15.0847,64.37649999861605,64.37649999861605,13804,False
07_missing_hole_03.jpg,tensorrt_fp16,16,False,9.4512,2.05664,0.0861,14.3544,63.567300006980076,63.567300006980076,13804,False
07_missing_hole_03.jpg,tensorrt_fp16,17,False,9.4283,2.526016,0.0862,14.925,64.10339998546988,64.10339998546988,13804,False
07_missing_hole_03.jpg,tensorrt_fp16,18,False,9.5215,2.591456,0.0857,15.0645,64.01439997716807,64.01439997716807,13804,False
07_missing_hole_03.jpg,tensorrt_fp16,19,False,9.5357,1.92992,0.0861,14.2667,63.248899998143315,63.248899998143315,13804,False
09_open_circuit_05.jpg,tensorrt_fp16,0,False,10.0031,2.023456,0.0884,14.8413,70.15030001639389,70.15030001639389,13804,False
09_open_circuit_05.jpg,tensorrt_fp16,1,False,9.6523,2.561216,0.093,15.1771,70.52939999266528,70.52939999266528,13804,False
09_open_circuit_05.jpg,tensorrt_fp16,2,False,9.8532,2.637376,0.0892,15.5225,70.6378000031691,70.6378000031691,13804,False
09_open_circuit_05.jpg,tensorrt_fp16,3,False,9.623,2.574016,0.0883,15.1522,70.39730000542477,70.39730000542477,13804,False
09_open_circuit_05.jpg,tensorrt_fp16,4,False,10.2914,2.375328,0.0887,15.688,71.41330000013113,71.41330000013113,13804,False
09_open_circuit_05.jpg,tensorrt_fp16,5,False,9.6077,2.56672,0.0942,15.1292,70.12050002231263,70.12050002231263,13804,False
09_open_circuit_05.jpg,tensorrt_fp16,6,False,9.6079,1.943232,0.0881,14.3546,69.25899998168461,69.25899998168461,13804,False
09_open_circuit_05.jpg,tensorrt_fp16,7,False,9.7391,2.73344,0.0899,15.4491,70.27060000109486,70.27060000109486,13804,False
09_open_circuit_05.jpg,tensorrt_fp16,8,False,9.592,2.581792,0.0938,15.1345,70.25429999339394,70.25429999339394,13804,False
09_open_circuit_05.jpg,tensorrt_fp16,9,False,9.8822,2.487424,0.0882,15.3734,70.4078999988269,70.4078999988269,13804,False
09_open_circuit_05.jpg,tensorrt_fp16,10,False,10.0047,1.956448,0.0879,14.7853,69.858499977272,69.858499977272,13804,False
09_open_circuit_05.jpg,tensorrt_fp16,11,False,9.7248,2.563712,0.0881,15.2832,70.47410000814125,70.47410000814125,13804,False
09_open_circuit_05.jpg,tensorrt_fp16,12,False,10.2184,2.764,0.0883,15.9653,71.02239999221638,71.02239999221638,13804,False
09_open_circuit_05.jpg,tensorrt_fp16,13,False,9.6,2.59328,0.0891,15.2139,70.82039999659173,70.82039999659173,13804,False
09_open_circuit_05.jpg,tensorrt_fp16,14,False,9.4379,2.61392,0.0876,15.0036,69.91109999944456,69.91109999944456,13804,False
09_open_circuit_05.jpg,tensorrt_fp16,15,False,9.5578,2.59104,0.0882,15.1115,70.11529998271726,70.11529998271726,13804,False
09_open_circuit_05.jpg,tensorrt_fp16,16,False,9.7821,2.03712,0.0886,14.678,69.37299997662194,69.37299997662194,13804,False
09_open_circuit_05.jpg,tensorrt_fp16,17,False,9.5991,2.545024,0.0878,15.1403,70.3992000198923,70.3992000198923,13804,False
09_open_circuit_05.jpg,tensorrt_fp16,18,False,9.6893,2.678816,0.0883,15.4864,70.51970000611618,70.51970000611618,13804,False
09_open_circuit_05.jpg,tensorrt_fp16,19,False,9.7894,2.545824,0.0889,15.2902,72.67759999376722,72.67759999376722,13804,False
09_short_05.jpg,tensorrt_fp16,0,False,9.641,2.03296,0.0952,14.4503,71.11310001346283,71.11310001346283,13804,False
09_short_05.jpg,tensorrt_fp16,1,False,9.626,2.644768,0.0957,15.3046,70.70939999539405,70.70939999539405,13804,False
09_short_05.jpg,tensorrt_fp16,2,False,9.4978,2.55328,0.0953,15.0295,70.36130002234131,70.36130002234131,13804,False
09_short_05.jpg,tensorrt_fp16,3,False,9.6659,2.442016,0.0948,15.0836,70.01510000554845,70.01510000554845,13804,False
09_short_05.jpg,tensorrt_fp16,4,False,9.732,1.95376,0.0956,14.5107,69.73899999866262,69.73899999866262,13804,False
09_short_05.jpg,tensorrt_fp16,5,False,9.6369,1.95168,0.106,14.4251,69.39520000014454,69.39520000014454,13804,False
09_short_05.jpg,tensorrt_fp16,6,False,9.5633,2.606656,0.1196,15.1351,70.23380001191981,70.23380001191981,13804,False
09_short_05.jpg,tensorrt_fp16,7,False,9.579,2.58304,0.0956,15.1436,70.45149998157285,70.45149998157285,13804,False
09_short_05.jpg,tensorrt_fp16,8,False,9.572,2.587008,0.0965,15.2101,70.26459998451173,70.26459998451173,13804,False
09_short_05.jpg,tensorrt_fp16,9,False,9.9448,2.584864,0.1012,15.4822,71.11399999121204,71.11399999121204,13804,False
09_short_05.jpg,tensorrt_fp16,10,False,9.5739,2.58432,0.0962,15.213,70.43890000204556,70.43890000204556,13804,False
09_short_05.jpg,tensorrt_fp16,11,False,9.6704,1.996384,0.0971,14.4776,69.67950001126155,69.67950001126155,13804,False
09_short_05.jpg,tensorrt_fp16,12,False,9.5203,1.93328,0.1029,14.3342,69.79680000222288,69.79680000222288,13804,False
09_short_05.jpg,tensorrt_fp16,13,False,9.9874,2.66224,0.0958,15.5781,73.00780000514351,73.00780000514351,13804,False
09_short_05.jpg,tensorrt_fp16,14,False,9.5817,1.949792,0.0952,14.3488,69.65910000144504,69.65910000144504,13804,False
09_short_05.jpg,tensorrt_fp16,15,False,9.5728,1.957536,0.102,14.3572,69.45779998204671,69.45779998204671,13804,False
09_short_05.jpg,tensorrt_fp16,16,False,9.6725,2.572896,0.102,15.2122,70.67279997863807,70.67279997863807,13804,False
09_short_05.jpg,tensorrt_fp16,17,False,9.5984,2.032032,0.0988,14.5164,69.93530000909232,69.93530000909232,13804,False
09_short_05.jpg,tensorrt_fp16,18,False,9.71,1.977472,0.0956,14.4995,69.93450000300072,69.93450000300072,13804,False
09_short_05.jpg,tensorrt_fp16,19,False,10.8743,1.996928,0.0967,15.7382,70.82279998576269,70.82279998576269,13804,False
10_open_circuit_06.jpg,tensorrt_fp16,0,False,9.47,2.032416,0.0864,14.2586,55.15580001519993,55.15580001519993,13804,False
10_open_circuit_06.jpg,tensorrt_fp16,1,False,9.8018,2.615584,0.0862,15.3267,55.718099989462644,55.718099989462644,13804,False
10_open_circuit_06.jpg,tensorrt_fp16,2,False,9.4326,2.53376,0.0859,14.903,55.13199997949414,55.13199997949414,13804,False
10_open_circuit_06.jpg,tensorrt_fp16,3,False,9.5848,2.019328,0.0864,14.4242,55.14660000335425,55.14660000335425,13804,False
10_open_circuit_06.jpg,tensorrt_fp16,4,False,9.4397,1.994304,0.086,14.2673,54.65899998671375,54.65899998671375,13804,False
10_open_circuit_06.jpg,tensorrt_fp16,5,False,9.3894,2.539872,0.0919,14.9258,55.64720000256784,55.64720000256784,13804,False
10_open_circuit_06.jpg,tensorrt_fp16,6,False,9.3972,2.590592,0.0865,14.9613,55.194899992784485,55.194899992784485,13804,False
10_open_circuit_06.jpg,tensorrt_fp16,7,False,9.9437,2.039936,0.0873,14.9049,55.29059999389574,55.29059999389574,13804,False
10_open_circuit_06.jpg,tensorrt_fp16,8,False,9.4712,2.559872,0.086,14.9796,55.53929999587126,55.53929999587126,13804,False
10_open_circuit_06.jpg,tensorrt_fp16,9,False,10.0235,2.579296,0.0883,15.548,57.801200018730015,57.801200018730015,13804,False
10_open_circuit_06.jpg,tensorrt_fp16,10,False,9.4267,1.986688,0.0931,14.2038,54.65800000820309,54.65800000820309,13804,False
10_open_circuit_06.jpg,tensorrt_fp16,11,False,9.5833,2.551168,0.0865,15.068,55.46350000076927,55.46350000076927,13804,False
10_open_circuit_06.jpg,tensorrt_fp16,12,False,9.3962,1.955136,0.0857,14.1839,54.60790000506677,54.60790000506677,13804,False
10_open_circuit_06.jpg,tensorrt_fp16,13,False,9.6613,1.960384,0.0863,14.3973,54.67899999348447,54.67899999348447,13804,False
10_open_circuit_06.jpg,tensorrt_fp16,14,False,9.513,2.568416,0.0912,15.0515,55.498900008387864,55.498900008387864,13804,False
10_open_circuit_06.jpg,tensorrt_fp16,15,False,9.5395,2.01984,0.0869,14.363,54.605399986030534,54.605399986030534,13804,False
10_open_circuit_06.jpg,tensorrt_fp16,16,False,9.6642,2.567296,0.0863,15.2124,56.691300007514656,56.691300007514656,13804,False
10_open_circuit_06.jpg,tensorrt_fp16,17,False,10.0816,2.561376,0.087,15.6748,55.92730001080781,55.92730001080781,13804,False
10_open_circuit_06.jpg,tensorrt_fp16,18,False,9.5438,2.557216,0.0857,15.0836,55.62420000205748,55.62420000205748,13804,False
10_open_circuit_06.jpg,tensorrt_fp16,19,False,9.8456,2.106592,0.0849,14.7584,55.19099999219179,55.19099999219179,13804,False
11_short_02.jpg,tensorrt_fp16,0,False,10.0599,2.534304,0.0942,15.4643,59.667800000170246,59.667800000170246,13804,False
11_short_02.jpg,tensorrt_fp16,1,False,9.7418,2.680928,0.0954,15.413,59.15419998927973,59.15419998927973,13804,False
11_short_02.jpg,tensorrt_fp16,2,False,9.6383,2.704416,0.0954,15.3507,59.25549997482449,59.25549997482449,13804,False
11_short_02.jpg,tensorrt_fp16,3,False,9.9192,2.684608,0.0935,15.7968,59.55880001420155,59.55880001420155,13804,False
11_short_02.jpg,tensorrt_fp16,4,False,9.6518,1.9672,0.0965,14.3977,58.35549999028444,58.35549999028444,13804,False
11_short_02.jpg,tensorrt_fp16,5,False,9.5566,2.553568,0.0949,15.0529,58.84290000540204,58.84290000540204,13804,False
11_short_02.jpg,tensorrt_fp16,6,False,10.0809,2.011104,0.0956,15.0066,59.24810000578873,59.24810000578873,13804,False
11_short_02.jpg,tensorrt_fp16,7,False,9.728,2.102848,0.0964,14.6442,60.437000007368624,60.437000007368624,13804,False
11_short_02.jpg,tensorrt_fp16,8,False,9.5587,1.959488,0.0967,14.3309,58.140499982982874,58.140499982982874,13804,False
11_short_02.jpg,tensorrt_fp16,9,False,9.747,1.972416,0.0962,14.5055,58.38440000661649,58.38440000661649,13804,False
11_short_02.jpg,tensorrt_fp16,10,False,9.6042,2.034656,0.0957,14.4711,58.35140001727268,58.35140001727268,13804,False
11_short_02.jpg,tensorrt_fp16,11,False,9.5557,2.518784,0.1006,15.047,58.764299988979474,58.764299988979474,13804,False
11_short_02.jpg,tensorrt_fp16,12,False,9.5239,1.965312,0.0958,14.2752,58.19149999297224,58.19149999297224,13804,False
11_short_02.jpg,tensorrt_fp16,13,False,9.5749,2.534464,0.1004,15.1062,58.75789999845438,58.75789999845438,13804,False
11_short_02.jpg,tensorrt_fp16,14,False,9.6905,1.957824,0.0957,14.4979,58.32670000381768,58.32670000381768,13804,False
11_short_02.jpg,tensorrt_fp16,15,False,9.6503,1.98304,0.0964,14.4086,58.19430001429282,58.19430001429282,13804,False
11_short_02.jpg,tensorrt_fp16,16,False,9.6489,1.92656,0.0953,14.3382,58.14590002410114,58.14590002410114,13804,False
11_short_02.jpg,tensorrt_fp16,17,False,9.6059,1.941376,0.0955,14.3246,58.16950000007637,58.16950000007637,13804,False
11_short_02.jpg,tensorrt_fp16,18,False,9.5283,1.992096,0.0959,14.2798,58.201000007102266,58.201000007102266,13804,False
11_short_02.jpg,tensorrt_fp16,19,False,9.6571,1.949376,0.0961,14.3845,58.28520000795834,58.28520000795834,13804,False
12_open_circuit_03.jpg,tensorrt_fp16,0,False,10.4279,2.089376,0.103,15.3749,75.48749999841675,75.48749999841675,13804,False
12_open_circuit_03.jpg,tensorrt_fp16,1,False,10.2046,2.000288,0.1073,15.2334,74.46340000024065,74.46340000024065,13804,False
12_open_circuit_03.jpg,tensorrt_fp16,2,False,11.1347,3.077312,0.1723,17.4777,77.4340000061784,77.4340000061784,13804,False
12_open_circuit_03.jpg,tensorrt_fp16,3,False,10.92,2.04624,0.1026,15.8167,78.49410001654178,78.49410001654178,13804,False
12_open_circuit_03.jpg,tensorrt_fp16,4,False,10.267,1.946112,0.1024,15.0766,74.86409999546595,74.86409999546595,13804,False
12_open_circuit_03.jpg,tensorrt_fp16,5,False,10.2483,2.574368,0.1021,15.8385,74.56760000786744,74.56760000786744,13804,False
12_open_circuit_03.jpg,tensorrt_fp16,6,False,10.1344,2.581056,0.1032,15.7078,74.2424999771174,74.2424999771174,13804,False
12_open_circuit_03.jpg,tensorrt_fp16,7,False,10.2978,2.553024,0.1028,15.9236,74.78550000814721,74.78550000814721,13804,False
12_open_circuit_03.jpg,tensorrt_fp16,8,False,10.3932,2.032736,0.1024,15.4482,75.43949998216704,75.43949998216704,13804,False
12_open_circuit_03.jpg,tensorrt_fp16,9,False,10.6332,2.058848,0.1032,15.6593,77.2690000012517,77.2690000012517,13804,False
12_open_circuit_03.jpg,tensorrt_fp16,10,False,11.1953,2.088,0.1373,16.3819,81.41860002069734,81.41860002069734,13804,False
12_open_circuit_03.jpg,tensorrt_fp16,11,False,10.9111,2.958336,0.1367,17.2013,100.35719998995773,100.35719998995773,13804,False
12_open_circuit_03.jpg,tensorrt_fp16,12,False,10.5668,2.61312,0.1042,16.4731,90.09130002232268,90.09130002232268,13804,False
12_open_circuit_03.jpg,tensorrt_fp16,13,False,11.2152,2.1056,0.1033,16.2961,75.47439998597838,75.47439998597838,13804,False
12_open_circuit_03.jpg,tensorrt_fp16,14,False,12.7815,2.931392,0.1345,19.4693,84.52380000380799,84.52380000380799,13804,False
12_open_circuit_03.jpg,tensorrt_fp16,15,False,14.0003,2.07744,0.1437,19.2933,87.81990001443774,87.81990001443774,13804,False
12_open_circuit_03.jpg,tensorrt_fp16,16,False,12.3867,1.94816,0.1024,17.1173,85.46219998970628,85.46219998970628,13804,False
12_open_circuit_03.jpg,tensorrt_fp16,17,False,11.802,1.944,0.1024,16.5827,76.95089999469928,76.95089999469928,13804,False
12_open_circuit_03.jpg,tensorrt_fp16,18,False,11.9558,1.945184,0.1025,16.7161,77.55299998098053,77.55299998098053,13804,False
12_open_circuit_03.jpg,tensorrt_fp16,19,False,11.8732,2.001216,0.102,16.7162,77.62299999012612,77.62299999012612,13804,False
12_short_03.jpg,tensorrt_fp16,0,False,13.0817,2.492064,0.1106,19.1039,80.77279999270104,80.77279999270104,13804,False
12_short_03.jpg,tensorrt_fp16,1,False,12.1328,2.058944,0.107,17.0129,78.7823999999091,78.7823999999091,13804,False
12_short_03.jpg,tensorrt_fp16,2,False,12.045,2.031584,0.1065,16.862,78.28329998301342,78.28329998301342,13804,False
12_short_03.jpg,tensorrt_fp16,3,False,11.7368,1.983488,0.1059,16.5494,77.04660002491437,77.04660002491437,13804,False
12_short_03.jpg,tensorrt_fp16,4,False,12.0234,2.780992,0.1541,17.8183,79.00299999164417,79.00299999164417,13804,False
12_short_03.jpg,tensorrt_fp16,5,False,11.8552,1.982528,0.1075,16.6652,76.93210002616979,76.93210002616979,13804,False
12_short_03.jpg,tensorrt_fp16,6,False,12.1143,2.010912,0.1064,16.9959,77.62329999241047,77.62329999241047,13804,False
12_short_03.jpg,tensorrt_fp16,7,False,11.8872,1.94464,0.1066,16.6524,76.86420000391081,76.86420000391081,13804,False
12_short_03.jpg,tensorrt_fp16,8,False,12.2216,2.04368,0.1073,17.0283,80.25929998257197,80.25929998257197,13804,False
12_short_03.jpg,tensorrt_fp16,9,False,11.8612,2.59456,0.1064,17.45,77.93830000446178,77.93830000446178,13804,False
12_short_03.jpg,tensorrt_fp16,10,False,11.9314,1.978592,0.107,16.7577,77.21909999963827,77.21909999963827,13804,False
12_short_03.jpg,tensorrt_fp16,11,False,11.9264,1.991104,0.1066,16.77,77.26679998449981,77.26679998449981,13804,False
12_short_03.jpg,tensorrt_fp16,12,False,11.8193,1.989248,0.1067,16.6932,77.2995000006631,77.2995000006631,13804,False
12_short_03.jpg,tensorrt_fp16,13,False,11.9476,1.942368,0.1065,16.7361,77.37899999483489,77.37899999483489,13804,False
12_short_03.jpg,tensorrt_fp16,14,False,11.8316,2.043936,0.1067,16.6909,78.74070000252686,78.74070000252686,13804,False
12_short_03.jpg,tensorrt_fp16,15,False,12.0981,2.612032,0.1079,17.7127,78.15950000076555,78.15950000076555,13804,False
12_short_03.jpg,tensorrt_fp16,16,False,11.9608,2.533216,0.1067,17.4745,78.49529999657534,78.49529999657534,13804,False
12_short_03.jpg,tensorrt_fp16,17,False,11.8609,2.58112,0.1064,17.4048,78.26959999511018,78.26959999511018,13804,False
12_short_03.jpg,tensorrt_fp16,18,False,11.9685,2.533984,0.108,17.5134,78.63209999050014,78.63209999050014,13804,False
12_short_03.jpg,tensorrt_fp16,19,False,12.9159,1.952704,0.1504,18.4077,79.84160000341944,79.84160000341944,13804,False
