status,class_id,class_name,pt_confidence,onnx_confidence,confidence_diff_abs,pt_bbox,onnx_bbox,bbox_iou,bbox_diff_abs
MATCHED,2,missing_hole,0.9112392663955688,0.9114500284194946,0.00021076202392578125,"[2077, 575, 2140, 632]","[2077, 575, 2140, 632]",1.0,"[0, 0, 0, 0]"
MATCHED,2,missing_hole,0.893036961555481,0.8929381370544434,9.882450103759766e-05,"[1337, 741, 1395, 799]","[1337, 741, 1395, 799]",1.0,"[0, 0, 0, 0]"
MATCHED,2,missing_hole,0.8511297702789307,0.8509001135826111,0.00022965669631958008,"[2644, 482, 2702, 535]","[2644, 482, 2702, 535]",1.0,"[0, 0, 0, 0]"
